{
    "type": "FeatureCollection",
    "features": [
        {
            "type": "Feature",
            "geometry": {
                "type": "Polygon",
                "coordinates": [
                    [
                        [
                            37.388049,
                            55.834088
                        ],
                        [
                            37.392786,
                            55.836281
                        ],
                        [
                            37.388631,
                            55.843047
                        ],
                        [
                            37.383728,
                            55.846827
                        ],
                        [
                            37.376415,
                            55.849859
                        ],
                        [
                            37.373506,
                            55.8479
                        ],
                        [
                            37.36852,
                            55.850792
                        ],
                        [
                            37.366443,
                            55.85443
                        ],
                        [
                            37.364282,
                            55.856389
                        ],
                        [
                            37.359546,
                            55.857882
                        ],
                        [
                            37.361374,
                            55.858815
                        ],
                        [
                            37.367939,
                            55.858255
                        ],
                        [
                            37.370515,
                            55.859514
                        ],
                        [
                            37.371346,
                            55.861706
                        ],
                        [
                            37.369601,
                            55.864644
                        ],
                        [
                            37.362039,
                            55.866463
                        ],
                        [
                            37.358631,
                            55.864318
                        ],
                        [
                            37.349657,
                            55.863665
                        ],
                        [
                            37.342676,
                            55.860634
                        ],
                        [
                            37.340183,
                            55.856623
                        ],
                        [
                            37.340349,
                            55.853218
                        ],
                        [
                            37.340682,
                            55.851911
                        ],
                        [
                            37.337773,
                            55.849719
                        ],
                        [
                            37.338106,
                            55.849019
                        ],
                        [
                            37.336277,
                            55.848086
                        ],
                        [
                            37.3342,
                            55.845614
                        ],
                        [
                            37.348909,
                            55.843887
                        ],
                        [
                            37.348161,
                            55.843141
                        ],
                        [
                            37.341762,
                            55.842861
                        ],
                        [
                            37.340266,
                            55.840295
                        ],
                        [
                            37.34492,
                            55.836655
                        ],
                        [
                            37.341679,
                            55.834135
                        ],
                        [
                            37.348078,
                            55.832455
                        ],
                        [
                            37.348493,
                            55.828581
                        ],
                        [
                            37.353812,
                            55.827881
                        ],
                        [
                            37.361291,
                            55.827881
                        ],
                        [
                            37.365363,
                            55.830494
                        ],
                        [
                            37.35672,
                            55.831288
                        ],
                        [
                            37.357717,
                            55.832175
                        ],
                        [
                            37.360294,
                            55.832641
                        ],
                        [
                            37.361374,
                            55.836095
                        ],
                        [
                            37.354892,
                            55.839081
                        ],
                        [
                            37.35672,
                            55.840481
                        ],
                        [
                            37.362703,
                            55.838755
                        ],
                        [
                            37.368521,
                            55.840015
                        ],
                        [
                            37.372676,
                            55.841228
                        ],
                        [
                            37.378077,
                            55.837821
                        ],
                        [
                            37.385889,
                            55.834415
                        ],
                        [
                            37.388049,
                            55.834088
                        ]
                    ]
                ]
            },
            "properties": {
                "name": "Митино"
            },
            "bbox": [
                37.3342,
                55.827881,
                37.392786,
                55.866463
            ]
        },
        {
            "type": "Feature",
            "geometry": {
                "type": "Polygon",
                "coordinates": [
                    [
                        [
                            37.399983,
                            55.91634
                        ],
                        [
                            37.394506,
                            55.914529
                        ],
                        [
                            37.378495,
                            55.909255
                        ],
                        [
                            37.369226,
                            55.903194
                        ],
                        [
                            37.368243,
                            55.897525
                        ],
                        [
                            37.375827,
                            55.891618
                        ],
                        [
                            37.382007,
                            55.886814
                        ],
                        [
                            37.384815,
                            55.882482
                        ],
                        [
                            37.401388,
                            55.881536
                        ],
                        [
                            37.41487,
                            55.879961
                        ],
                        [
                            37.423718,
                            55.874997
                        ],
                        [
                            37.445066,
                            55.881773
                        ],
                        [
                            37.434813,
                            55.889807
                        ],
                        [
                            37.42428,
                            55.898469
                        ],
                        [
                            37.399983,
                            55.91634
                        ]
                    ]
                ]
            },
            "properties": {
                "name": "Химки"
            },
            "bbox": [
                37.368243,
                55.874997,
                37.445066,
                55.91634
            ]
        },
        {
            "type": "Feature",
            "geometry": {
                "type": "Polygon",
                "coordinates": [
                    [
                        [
                            37.439216,
                            55.872752
                        ],
                        [
                            37.437883,
                            55.873619
                        ],
                        [
                            37.435352,
                            55.874537
                        ],
                        [
                            37.430178,
                            55.875644
                        ],
                        [
                            37.426418,
                            55.875414
                        ],
                        [
                            37.421617,
                            55.874203
                        ],
                        [
                            37.4154,
                            55.871948
                        ],
                        [
                            37.409072,
                            55.86917
                        ],
                        [
                            37.404829,
                            55.866246
                        ],
                        [
                            37.403637,
                            55.865285
                        ],
                        [
                            37.400287,
                            55.861922
                        ],
                        [
                            37.397458,
                            55.857472
                        ],
                        [
                            37.395188,
                            55.853544
                        ],
                        [
                            37.392731,
                            55.848947
                        ],
                        [
                            37.392321,
                            55.847547
                        ],
                        [
                            37.392805,
                            55.844601
                        ],
                        [
                            37.394853,
                            55.842051
                        ],
                        [
                            37.396342,
                            55.838957
                        ],
                        [
                            37.396937,
                            55.836533
                        ],
                        [
                            37.396156,
                            55.832477
                        ],
                        [
                            37.395188,
                            55.829655
                        ],
                        [
                            37.397198,
                            55.829592
                        ],
                        [
                            37.400995,
                            55.828944
                        ],
                        [
                            37.40494,
                            55.827899
                        ],
                        [
                            37.408812,
                            55.826351
                        ],
                        [
                            37.41179,
                            55.8238
                        ],
                        [
                            37.412199,
                            55.823821
                        ],
                        [
                            37.413241,
                            55.825034
                        ],
                        [
                            37.415884,
                            55.826456
                        ],
                        [
                            37.420761,
                            55.827899
                        ],
                        [
                            37.425079,
                            55.829362
                        ],
                        [
                            37.427238,
                            55.831913
                        ],
                        [
                            37.427722,
                            55.834568
                        ],
                        [
                            37.435182,
                            55.836851
                        ],
                        [
                            37.459154,
                            55.835233
                        ],
                        [
                            37.465146,
                            55.837045
                        ],
                        [
                            37.467797,
                            55.841252
                        ],
                        [
                            37.466414,
                            55.843322
                        ],
                        [
                            37.456042,
                            55.851668
                        ],
                        [
                            37.452584,
                            55.868937
                        ],
                        [
                            37.444978,
                            55.873011
                        ],
                        [
                            37.439216,
                            55.872752
                        ]
                    ]
                ]
            },
            "properties": {
                "name": "Тушино"
            },
            "bbox": [
                37.392321,
                55.8238,
                37.467797,
                55.875644
            ]
        },
        {
            "type": "Feature",
            "geometry": {
                "type": "Polygon",
                "coordinates": [
                    [
                        [
                            37.464584,
                            55.83592
                        ],
                        [
                            37.464222,
                            55.836119
                        ],
                        [
                            37.46278,
                            55.835761
                        ],
                        [
                            37.459797,
                            55.834858
                        ],
                        [
                            37.45544,
                            55.83499
                        ],
                        [
                            37.443811,
                            55.83578
                        ],
                        [
                            37.436504,
                            55.836382
                        ],
                        [
                            37.435298,
                            55.836232
                        ],
                        [
                            37.432047,
                            55.835554
                        ],
                        [
                            37.428997,
                            55.834557
                        ],
                        [
                            37.428293,
                            55.831714
                        ],
                        [
                            37.427187,
                            55.83066
                        ],
                        [
                            37.424841,
                            55.82859
                        ],
                        [
                            37.420522,
                            55.827253
                        ],
                        [
                            37.414821,
                            55.825215
                        ],
                        [
                            37.412877,
                            55.822741
                        ],
                        [
                            37.415987,
                            55.819392
                        ],
                        [
                            37.416764,
                            55.816044
                        ],
                        [
                            37.41819,
                            55.814006
                        ],
                        [
                            37.421947,
                            55.81153
                        ],
                        [
                            37.427907,
                            55.809928
                        ],
                        [
                            37.433867,
                            55.809637
                        ],
                        [
                            37.440605,
                            55.809637
                        ],
                        [
                            37.44488,
                            55.808248
                        ],
                        [
                            37.455361,
                            55.82399
                        ],
                        [
                            37.464584,
                            55.83592
                        ]
                    ]
                ]
            },
            "properties": {
                "name": "Покровское-Стрешнево"
            },
            "bbox": [
                37.412877,
                55.808248,
                37.464584,
                55.836382
            ]
        },
        {
            "type": "Feature",
            "geometry": {
                "type": "Polygon",
                "coordinates": [
                    [
                        [
                            37.395583,
                            55.820134
                        ],
                        [
                            37.392315,
                            55.820564
                        ],
                        [
                            37.390822,
                            55.816397
                        ],
                        [
                            37.389379,
                            55.811727
                        ],
                        [
                            37.387075,
                            55.805503
                        ],
                        [
                            37.382154,
                            55.799627
                        ],
                        [
                            37.373133,
                            55.789945
                        ],
                        [
                            37.380104,
                            55.789484
                        ],
                        [
                            37.402553,
                            55.78862
                        ],
                        [
                            37.406961,
                            55.787871
                        ],
                        [
                            37.408499,
                            55.790291
                        ],
                        [
                            37.413624,
                            55.797725
                        ],
                        [
                            37.419262,
                            55.801586
                        ],
                        [
                            37.428386,
                            55.803314
                        ],
                        [
                            37.426951,
                            55.80654
                        ],
                        [
                            37.422645,
                            55.807693
                        ],
                        [
                            37.415982,
                            55.81017
                        ],
                        [
                            37.409011,
                            55.814893
                        ],
                        [
                            37.403578,
                            55.818636
                        ],
                        [
                            37.395583,
                            55.820134
                        ]
                    ]
                ]
            },
            "properties": {
                "name": "Строгино"
            },
            "bbox": [
                37.373133,
                55.787871,
                37.428386,
                55.820564
            ]
        },
        {
            "type": "Feature",
            "geometry": {
                "type": "Polygon",
                "coordinates": [
                    [
                        [
                            37.37646,
                            55.830166
                        ],
                        [
                            37.373193,
                            55.82926
                        ],
                        [
                            37.367006,
                            55.827667
                        ],
                        [
                            37.365226,
                            55.826226
                        ],
                        [
                            37.362902,
                            55.824091
                        ],
                        [
                            37.361726,
                            55.821938
                        ],
                        [
                            37.359966,
                            55.819168
                        ],
                        [
                            37.356616,
                            55.816896
                        ],
                        [
                            37.353508,
                            55.816116
                        ],
                        [
                            37.351456,
                            55.816184
                        ],
                        [
                            37.350068,
                            55.816811
                        ],
                        [
                            37.349253,
                            55.816625
                        ],
                        [
                            37.334467,
                            55.814014
                        ],
                        [
                            37.335433,
                            55.812386
                        ],
                        [
                            37.338752,
                            55.810233
                        ],
                        [
                            37.34976,
                            55.814948
                        ],
                        [
                            37.355703,
                            55.812221
                        ],
                        [
                            37.361736,
                            55.81115
                        ],
                        [
                            37.361645,
                            55.809748
                        ],
                        [
                            37.365229,
                            55.809137
                        ],
                        [
                            37.368812,
                            55.809162
                        ],
                        [
                            37.371398,
                            55.810105
                        ],
                        [
                            37.372895,
                            55.812705
                        ],
                        [
                            37.37607,
                            55.816707
                        ],
                        [
                            37.380588,
                            55.821528
                        ],
                        [
                            37.377912,
                            55.824357
                        ],
                        [
                            37.377368,
                            55.826395
                        ],
                        [
                            37.376279,
                            55.828026
                        ],
                        [
                            37.37646,
                            55.830166
                        ]
                    ]
                ]
            },
            "properties": {
                "name": "Красногорск"
            },
            "bbox": [
                37.334467,
                55.809137,
                37.380588,
                55.830166
            ]
        },
        {
            "type": "Feature",
            "geometry": {
                "type": "Polygon",
                "coordinates": [
                    [
                        [
                            37.447602,
                            55.779718
                        ],
                        [
                            37.453658,
                            55.779021
                        ],
                        [
                            37.46094,
                            55.777859
                        ],
                        [
                            37.477053,
                            55.775216
                        ],
                        [
                            37.482786,
                            55.786165
                        ],
                        [
                            37.484903,
                            55.788169
                        ],
                        [
                            37.478912,
                            55.788982
                        ],
                        [
                            37.480978,
                            55.790434
                        ],
                        [
                            37.479326,
                            55.791247
                        ],
                        [
                            37.469823,
                            55.791421
                        ],
                        [
                            37.465175,
                            55.790637
                        ],
                        [
                            37.454484,
                            55.791827
                        ],
                        [
                            37.454381,
                            55.792902
                        ],
                        [
                            37.450972,
                            55.793192
                        ],
                        [
                            37.44724,
                            55.792205
                        ],
                        [
                            37.447602,
                            55.779718
                        ]
                    ]
                ]
            },
            "properties": {
                "name": "Хорошево-Мневники"
            },
            "bbox": [
                37.44724,
                55.775216,
                37.484903,
                55.793192
            ]
        },
        {
            "type": "Feature",
            "geometry": {
                "type": "Polygon",
                "coordinates": [
                    [
                        [
                            37.510407,
                            55.805876
                        ],
                        [
                            37.50858,
                            55.803602
                        ],
                        [
                            37.505714,
                            55.800656
                        ],
                        [
                            37.500261,
                            55.797473
                        ],
                        [
                            37.502848,
                            55.794487
                        ],
                        [
                            37.503337,
                            55.792993
                        ],
                        [
                            37.505015,
                            55.785133
                        ],
                        [
                            37.507321,
                            55.777114
                        ],
                        [
                            37.511166,
                            55.7779
                        ],
                        [
                            37.513543,
                            55.777743
                        ],
                        [
                            37.517597,
                            55.777192
                        ],
                        [
                            37.523469,
                            55.778215
                        ],
                        [
                            37.537519,
                            55.775109
                        ],
                        [
                            37.539616,
                            55.775856
                        ],
                        [
                            37.541504,
                            55.776956
                        ],
                        [
                            37.543111,
                            55.778254
                        ],
                        [
                            37.543181,
                            55.779866
                        ],
                        [
                            37.541164,
                            55.781433
                        ],
                        [
                            37.538787,
                            55.781904
                        ],
                        [
                            37.536131,
                            55.781708
                        ],
                        [
                            37.533824,
                            55.782612
                        ],
                        [
                            37.535711,
                            55.783791
                        ],
                        [
                            37.541164,
                            55.78501
                        ],
                        [
                            37.544519,
                            55.787368
                        ],
                        [
                            37.55116,
                            55.791927
                        ],
                        [
                            37.531238,
                            55.800572
                        ],
                        [
                            37.510407,
                            55.805876
                        ]
                    ]
                ]
            },
            "properties": {
                "name": "ЦСКА"
            },
            "bbox": [
                37.500261,
                55.775109,
                37.55116,
                55.805876
            ]
        },
        {
            "type": "Feature",
            "geometry": {
                "type": "Polygon",
                "coordinates": [
                    [
                        [
                            37.512715,
                            55.866794
                        ],
                        [
                            37.506394,
                            55.869474
                        ],
                        [
                            37.502958,
                            55.870958
                        ],
                        [
                            37.499763,
                            55.872577
                        ],
                        [
                            37.498423,
                            55.873368
                        ],
                        [
                            37.495125,
                            55.875064
                        ],
                        [
                            37.491724,
                            55.876509
                        ],
                        [
                            37.487463,
                            55.87834
                        ],
                        [
                            37.48523,
                            55.879458
                        ],
                        [
                            37.482653,
                            55.879439
                        ],
                        [
                            37.481485,
                            55.879554
                        ],
                        [
                            37.479561,
                            55.880133
                        ],
                        [
                            37.468602,
                            55.879419
                        ],
                        [
                            37.466609,
                            55.879323
                        ],
                        [
                            37.469151,
                            55.876721
                        ],
                        [
                            37.458467,
                            55.87385
                        ],
                        [
                            37.456268,
                            55.871961
                        ],
                        [
                            37.45589,
                            55.869879
                        ],
                        [
                            37.45613,
                            55.867161
                        ],
                        [
                            37.459154,
                            55.86238
                        ],
                        [
                            37.464032,
                            55.854551
                        ],
                        [
                            37.469804,
                            55.855573
                        ],
                        [
                            37.471213,
                            55.85378
                        ],
                        [
                            37.475851,
                            55.854956
                        ],
                        [
                            37.480592,
                            55.856499
                        ],
                        [
                            37.487635,
                            55.858813
                        ],
                        [
                            37.493716,
                            55.85995
                        ],
                        [
                            37.500931,
                            55.861049
                        ],
                        [
                            37.504286,
                            55.862058
                        ],
                        [
                            37.506166,
                            55.862772
                        ],
                        [
                            37.508406,
                            55.863786
                        ],
                        [
                            37.50965,
                            55.864277
                        ],
                        [
                            37.511687,
                            55.865881
                        ],
                        [
                            37.512715,
                            55.866794
                        ]
                    ]
                ]
            },
            "properties": {
                "name": "Речной вокзал"
            },
            "bbox": [
                37.45589,
                55.85378,
                37.512715,
                55.880133
            ]
        },
        {
            "type": "Feature",
            "geometry": {
                "type": "Polygon",
                "coordinates": [
                    [
                        [
                            37.545784,
                            55.878243
                        ],
                        [
                            37.544412,
                            55.880657
                        ],
                        [
                            37.543227,
                            55.88328
                        ],
                        [
                            37.542666,
                            55.884819
                        ],
                        [
                            37.542604,
                            55.888002
                        ],
                        [
                            37.542853,
                            55.893108
                        ],
                        [
                            37.54317,
                            55.89543
                        ],
                        [
                            37.5432,
                            55.89833
                        ],
                        [
                            37.535559,
                            55.898274
                        ],
                        [
                            37.533511,
                            55.89861
                        ],
                        [
                            37.522624,
                            55.90099
                        ],
                        [
                            37.520376,
                            55.900654
                        ],
                        [
                            37.516381,
                            55.898638
                        ],
                        [
                            37.484268,
                            55.883851
                        ],
                        [
                            37.482919,
                            55.883851
                        ],
                        [
                            37.484118,
                            55.880994
                        ],
                        [
                            37.485916,
                            55.879397
                        ],
                        [
                            37.490111,
                            55.877632
                        ],
                        [
                            37.493507,
                            55.876231
                        ],
                        [
                            37.505094,
                            55.871664
                        ],
                        [
                            37.514034,
                            55.867797
                        ],
                        [
                            37.519992,
                            55.872616
                        ],
                        [
                            37.526271,
                            55.874928
                        ],
                        [
                            37.533447,
                            55.876214
                        ],
                        [
                            37.541886,
                            55.87763
                        ],
                        [
                            37.545784,
                            55.878243
                        ]
                    ]
                ]
            },
            "properties": {
                "name": "Яхромская"
            },
            "bbox": [
                37.482919,
                55.867797,
                37.545784,
                55.90099
            ]
        },
        {
            "type": "Feature",
            "geometry": {
                "type": "Polygon",
                "coordinates": [
                    [
                        [
                            37.568195,
                            55.879958
                        ],
                        [
                            37.560746,
                            55.880288
                        ],
                        [
                            37.552012,
                            55.879266
                        ],
                        [
                            37.545796,
                            55.878064
                        ],
                        [
                            37.535079,
                            55.876291
                        ],
                        [
                            37.526719,
                            55.874787
                        ],
                        [
                            37.529184,
                            55.872954
                        ],
                        [
                            37.526398,
                            55.868624
                        ],
                        [
                            37.524254,
                            55.86658
                        ],
                        [
                            37.521039,
                            55.864836
                        ],
                        [
                            37.535668,
                            55.858701
                        ],
                        [
                            37.543277,
                            55.855483
                        ],
                        [
                            37.548025,
                            55.853166
                        ],
                        [
                            37.556113,
                            55.853545
                        ],
                        [
                            37.559291,
                            55.849707
                        ],
                        [
                            37.565934,
                            55.849977
                        ],
                        [
                            37.573573,
                            55.848842
                        ],
                        [
                            37.573252,
                            55.855076
                        ],
                        [
                            37.574664,
                            55.86014
                        ],
                        [
                            37.573188,
                            55.865994
                        ],
                        [
                            37.571551,
                            55.869649
                        ],
                        [
                            37.56863,
                            55.876348
                        ],
                        [
                            37.568277,
                            55.87876
                        ],
                        [
                            37.568195,
                            55.879958
                        ]
                    ]
                ]
            },
            "properties": {
                "name": "Бескудниково"
            },
            "bbox": [
                37.521039,
                55.848842,
                37.574664,
                55.880288
            ]
        },
        {
            "type": "Feature",
            "geometry": {
                "type": "Polygon",
                "coordinates": [
                    [
                        [
                            37.576903,
                            55.906044
                        ],
                        [
                            37.577211,
                            55.908361
                        ],
                        [
                            37.573473,
                            55.909446
                        ],
                        [
                            37.57211,
                            55.909815
                        ],
                        [
                            37.567449,
                            55.909446
                        ],
                        [
                            37.566877,
                            55.905749
                        ],
                        [
                            37.56613,
                            55.90459
                        ],
                        [
                            37.565778,
                            55.901262
                        ],
                        [
                            37.565778,
                            55.898846
                        ],
                        [
                            37.563492,
                            55.898575
                        ],
                        [
                            37.56358,
                            55.893447
                        ],
                        [
                            37.566679,
                            55.890864
                        ],
                        [
                            37.567293,
                            55.886898
                        ],
                        [
                            37.56787,
                            55.880786
                        ],
                        [
                            37.568664,
                            55.879329
                        ],
                        [
                            37.569458,
                            55.876374
                        ],
                        [
                            37.573391,
                            55.873985
                        ],
                        [
                            37.576963,
                            55.873317
                        ],
                        [
                            37.58638,
                            55.874957
                        ],
                        [
                            37.586344,
                            55.879835
                        ],
                        [
                            37.589087,
                            55.879511
                        ],
                        [
                            37.592695,
                            55.879491
                        ],
                        [
                            37.594138,
                            55.879612
                        ],
                        [
                            37.596159,
                            55.880159
                        ],
                        [
                            37.598793,
                            55.881292
                        ],
                        [
                            37.601499,
                            55.882385
                        ],
                        [
                            37.603917,
                            55.883478
                        ],
                        [
                            37.608423,
                            55.882934
                        ],
                        [
                            37.625887,
                            55.889769
                        ],
                        [
                            37.643351,
                            55.896812
                        ],
                        [
                            37.63042,
                            55.899145
                        ],
                        [
                            37.616598,
                            55.902103
                        ],
                        [
                            37.606045,
                            55.904811
                        ],
                        [
                            37.598094,
                            55.906936
                        ],
                        [
                            37.587244,
                            55.905853
                        ],
                        [
                            37.581596,
                            55.905894
                        ],
                        [
                            37.576903,
                            55.906044
                        ]
                    ]
                ]
            },
            "properties": {
                "name": "Алтуфьево"
            },
            "bbox": [
                37.563492,
                55.873317,
                37.643351,
                55.909815
            ]
        },
        {
            "type": "Feature",
            "geometry": {
                "type": "Polygon",
                "coordinates": [
                    [
                        [
                            37.684607,
                            55.894826
                        ],
                        [
                            37.679385,
                            55.894833
                        ],
                        [
                            37.670866,
                            55.895083
                        ],
                        [
                            37.658047,
                            55.895788
                        ],
                        [
                            37.648433,
                            55.896607
                        ],
                        [
                            37.64612,
                            55.895697
                        ],
                        [
                            37.63606,
                            55.892057
                        ],
                        [
                            37.628961,
                            55.889123
                        ],
                        [
                            37.621445,
                            55.887063
                        ],
                        [
                            37.614662,
                            55.883002
                        ],
                        [
                            37.616862,
                            55.880688
                        ],
                        [
                            37.617045,
                            55.875391
                        ],
                        [
                            37.619245,
                            55.873591
                        ],
                        [
                            37.62337,
                            55.871431
                        ],
                        [
                            37.627312,
                            55.86994
                        ],
                        [
                            37.629696,
                            55.868294
                        ],
                        [
                            37.635379,
                            55.866133
                        ],
                        [
                            37.645463,
                            55.867265
                        ],
                        [
                            37.647205,
                            55.868911
                        ],
                        [
                            37.65298,
                            55.871431
                        ],
                        [
                            37.654355,
                            55.877448
                        ],
                        [
                            37.656372,
                            55.880636
                        ],
                        [
                            37.663339,
                            55.882693
                        ],
                        [
                            37.667739,
                            55.882488
                        ],
                        [
                            37.670306,
                            55.882693
                        ],
                        [
                            37.676448,
                            55.884493
                        ],
                        [
                            37.678465,
                            55.885367
                        ],
                        [
                            37.682865,
                            55.891536
                        ],
                        [
                            37.684607,
                            55.894826
                        ]
                    ]
                ]
            },
            "properties": {
                "name": "Медведково"
            },
            "bbox": [
                37.614662,
                55.866133,
                37.684607,
                55.896607
            ]
        },
        {
            "type": "Feature",
            "geometry": {
                "type": "Polygon",
                "coordinates": [
                    [
                        [
                            37.587191,
                            55.879539
                        ],
                        [
                            37.586942,
                            55.878277
                        ],
                        [
                            37.586741,
                            55.876283
                        ],
                        [
                            37.586512,
                            55.874755
                        ],
                        [
                            37.585039,
                            55.868527
                        ],
                        [
                            37.584519,
                            55.864574
                        ],
                        [
                            37.584803,
                            55.856905
                        ],
                        [
                            37.584945,
                            55.852844
                        ],
                        [
                            37.585087,
                            55.848067
                        ],
                        [
                            37.594543,
                            55.847881
                        ],
                        [
                            37.599933,
                            55.847695
                        ],
                        [
                            37.607546,
                            55.847616
                        ],
                        [
                            37.613172,
                            55.847456
                        ],
                        [
                            37.619083,
                            55.847324
                        ],
                        [
                            37.624,
                            55.847324
                        ],
                        [
                            37.628284,
                            55.846799
                        ],
                        [
                            37.632523,
                            55.846609
                        ],
                        [
                            37.63305,
                            55.847328
                        ],
                        [
                            37.631562,
                            55.848301
                        ],
                        [
                            37.63011,
                            55.848923
                        ],
                        [
                            37.628699,
                            55.848909
                        ],
                        [
                            37.627923,
                            55.850732
                        ],
                        [
                            37.626506,
                            55.852022
                        ],
                        [
                            37.626086,
                            55.857758
                        ],
                        [
                            37.628765,
                            55.860322
                        ],
                        [
                            37.629132,
                            55.862503
                        ],
                        [
                            37.626454,
                            55.865862
                        ],
                        [
                            37.619802,
                            55.870547
                        ],
                        [
                            37.614357,
                            55.874516
                        ],
                        [
                            37.614866,
                            55.877618
                        ],
                        [
                            37.615782,
                            55.879825
                        ],
                        [
                            37.607895,
                            55.879207
                        ],
                        [
                            37.60521,
                            55.881119
                        ],
                        [
                            37.602854,
                            55.882812
                        ],
                        [
                            37.598932,
                            55.881244
                        ],
                        [
                            37.596472,
                            55.8802
                        ],
                        [
                            37.594405,
                            55.879574
                        ],
                        [
                            37.592421,
                            55.879354
                        ],
                        [
                            37.589961,
                            55.879389
                        ],
                        [
                            37.587191,
                            55.879539
                        ]
                    ]
                ]
            },
            "properties": {
                "name": "Отрадное"
            },
            "bbox": [
                37.584519,
                55.846609,
                37.63305,
                55.882812
            ]
        },
        {
            "type": "Feature",
            "geometry": {
                "type": "Polygon",
                "coordinates": [
                    [
                        [
                            37.655741,
                            55.870994
                        ],
                        [
                            37.653326,
                            55.870218
                        ],
                        [
                            37.650497,
                            55.867788
                        ],
                        [
                            37.647178,
                            55.86471
                        ],
                        [
                            37.644069,
                            55.864691
                        ],
                        [
                            37.642811,
                            55.864083
                        ],
                        [
                            37.64068,
                            55.862554
                        ],
                        [
                            37.634777,
                            55.859162
                        ],
                        [
                            37.633903,
                            55.857417
                        ],
                        [
                            37.634567,
                            55.856653
                        ],
                        [
                            37.637781,
                            55.85581
                        ],
                        [
                            37.636908,
                            55.853927
                        ],
                        [
                            37.63324,
                            55.853594
                        ],
                        [
                            37.630759,
                            55.852045
                        ],
                        [
                            37.631436,
                            55.849991
                        ],
                        [
                            37.631675,
                            55.848819
                        ],
                        [
                            37.633395,
                            55.847997
                        ],
                        [
                            37.63403,
                            55.846981
                        ],
                        [
                            37.635145,
                            55.846656
                        ],
                        [
                            37.635686,
                            55.846461
                        ],
                        [
                            37.643505,
                            55.846761
                        ],
                        [
                            37.650286,
                            55.847156
                        ],
                        [
                            37.653692,
                            55.847362
                        ],
                        [
                            37.657296,
                            55.847585
                        ],
                        [
                            37.659831,
                            55.847602
                        ],
                        [
                            37.671278,
                            55.846983
                        ],
                        [
                            37.672619,
                            55.853434
                        ],
                        [
                            37.674081,
                            55.856154
                        ],
                        [
                            37.677644,
                            55.858879
                        ],
                        [
                            37.684736,
                            55.863781
                        ],
                        [
                            37.684558,
                            55.864077
                        ],
                        [
                            37.684217,
                            55.864303
                        ],
                        [
                            37.683894,
                            55.864327
                        ],
                        [
                            37.683483,
                            55.864347
                        ],
                        [
                            37.682924,
                            55.864636
                        ],
                        [
                            37.681103,
                            55.865525
                        ],
                        [
                            37.67712,
                            55.867486
                        ],
                        [
                            37.675373,
                            55.867976
                        ],
                        [
                            37.664334,
                            55.869681
                        ],
                        [
                            37.655741,
                            55.870994
                        ]
                    ]
                ]
            },
            "properties": {
                "name": "Свиблово"
            },
            "bbox": [
                37.630759,
                55.846461,
                37.684736,
                55.870994
            ]
        },
        {
            "type": "Feature",
            "geometry": {
                "type": "Polygon",
                "coordinates": [
                    [
                        [
                            37.635788,
                            55.821454
                        ],
                        [
                            37.60294,
                            55.821623
                        ],
                        [
                            37.597164,
                            55.821398
                        ],
                        [
                            37.607611,
                            55.814653
                        ],
                        [
                            37.635399,
                            55.799097
                        ],
                        [
                            37.63796,
                            55.800596
                        ],
                        [
                            37.645394,
                            55.800652
                        ],
                        [
                            37.645294,
                            55.799946
                        ],
                        [
                            37.644239,
                            55.79924
                        ],
                        [
                            37.644791,
                            55.798055
                        ],
                        [
                            37.647554,
                            55.797744
                        ],
                        [
                            37.653079,
                            55.803701
                        ],
                        [
                            37.664148,
                            55.815432
                        ],
                        [
                            37.668042,
                            55.82004
                        ],
                        [
                            37.6639,
                            55.821204
                        ],
                        [
                            37.650313,
                            55.821343
                        ],
                        [
                            37.641863,
                            55.82139
                        ],
                        [
                            37.639709,
                            55.819342
                        ],
                        [
                            37.637732,
                            55.819338
                        ],
                        [
                            37.635788,
                            55.821454
                        ]
                    ]
                ]
            },
            "properties": {
                "name": "Алексеевское"
            },
            "bbox": [
                37.597164,
                55.797744,
                37.668042,
                55.821623
            ]
        },
        {
            "type": "Feature",
            "geometry": {
                "type": "Polygon",
                "coordinates": [
                    [
                        [
                            37.71854,
                            55.824045
                        ],
                        [
                            37.71597,
                            55.824067
                        ],
                        [
                            37.711611,
                            55.821902
                        ],
                        [
                            37.703747,
                            55.822317
                        ],
                        [
                            37.697129,
                            55.820933
                        ],
                        [
                            37.694975,
                            55.820284
                        ],
                        [
                            37.694596,
                            55.819181
                        ],
                        [
                            37.693482,
                            55.818606
                        ],
                        [
                            37.689024,
                            55.817669
                        ],
                        [
                            37.684825,
                            55.815956
                        ],
                        [
                            37.68494,
                            55.815342
                        ],
                        [
                            37.692245,
                            55.810683
                        ],
                        [
                            37.696776,
                            55.808907
                        ],
                        [
                            37.701782,
                            55.806124
                        ],
                        [
                            37.699358,
                            55.80263
                        ],
                        [
                            37.698462,
                            55.800497
                        ],
                        [
                            37.699569,
                            55.798691
                        ],
                        [
                            37.703678,
                            55.795137
                        ],
                        [
                            37.70568,
                            55.795374
                        ],
                        [
                            37.710159,
                            55.795344
                        ],
                        [
                            37.714321,
                            55.795996
                        ],
                        [
                            37.720327,
                            55.797151
                        ],
                        [
                            37.728968,
                            55.798543
                        ],
                        [
                            37.737503,
                            55.799994
                        ],
                        [
                            37.746829,
                            55.801652
                        ],
                        [
                            37.748831,
                            55.802037
                        ],
                        [
                            37.748199,
                            55.807871
                        ],
                        [
                            37.747514,
                            55.810062
                        ],
                        [
                            37.744932,
                            55.81317
                        ],
                        [
                            37.739769,
                            55.816101
                        ],
                        [
                            37.733921,
                            55.818883
                        ],
                        [
                            37.726123,
                            55.82137
                        ],
                        [
                            37.722119,
                            55.822879
                        ],
                        [
                            37.71854,
                            55.824045
                        ]
                    ]
                ]
            },
            "properties": {
                "name": "Богородское"
            },
            "bbox": [
                37.684825,
                55.795137,
                37.748831,
                55.824067
            ]
        },
        {
            "type": "Feature",
            "geometry": {
                "type": "Polygon",
                "coordinates": [
                    [
                        [
                            37.748705,
                            55.801839
                        ],
                        [
                            37.743606,
                            55.800876
                        ],
                        [
                            37.734847,
                            55.799301
                        ],
                        [
                            37.727529,
                            55.798076
                        ],
                        [
                            37.720522,
                            55.796872
                        ],
                        [
                            37.713087,
                            55.795603
                        ],
                        [
                            37.710752,
                            55.795187
                        ],
                        [
                            37.705497,
                            55.795165
                        ],
                        [
                            37.704056,
                            55.795012
                        ],
                        [
                            37.705419,
                            55.793327
                        ],
                        [
                            37.705535,
                            55.792583
                        ],
                        [
                            37.704407,
                            55.791445
                        ],
                        [
                            37.701993,
                            55.790241
                        ],
                        [
                            37.69993,
                            55.789169
                        ],
                        [
                            37.699074,
                            55.787987
                        ],
                        [
                            37.698801,
                            55.786192
                        ],
                        [
                            37.699113,
                            55.784441
                        ],
                        [
                            37.699385,
                            55.782887
                        ],
                        [
                            37.701604,
                            55.782865
                        ],
                        [
                            37.703239,
                            55.782734
                        ],
                        [
                            37.705467,
                            55.782377
                        ],
                        [
                            37.707461,
                            55.782259
                        ],
                        [
                            37.709434,
                            55.782117
                        ],
                        [
                            37.711869,
                            55.781716
                        ],
                        [
                            37.714074,
                            55.781279
                        ],
                        [
                            37.716299,
                            55.780842
                        ],
                        [
                            37.717789,
                            55.780335
                        ],
                        [
                            37.718503,
                            55.78004
                        ],
                        [
                            37.721127,
                            55.779697
                        ],
                        [
                            37.722491,
                            55.779544
                        ],
                        [
                            37.725745,
                            55.779107
                        ],
                        [
                            37.727739,
                            55.778895
                        ],
                        [
                            37.728747,
                            55.778883
                        ],
                        [
                            37.731623,
                            55.779355
                        ],
                        [
                            37.735549,
                            55.780099
                        ],
                        [
                            37.738802,
                            55.780783
                        ],
                        [
                            37.742686,
                            55.781539
                        ],
                        [
                            37.743945,
                            55.78181
                        ],
                        [
                            37.744252,
                            55.788379
                        ],
                        [
                            37.746692,
                            55.79531
                        ],
                        [
                            37.748554,
                            55.799605
                        ],
                        [
                            37.748705,
                            55.801839
                        ]
                    ]
                ]
            },
            "properties": {
                "name": "Преображенское"
            },
            "bbox": [
                37.698801,
                55.778883,
                37.748705,
                55.801839
            ]
        },
        {
            "type": "Feature",
            "geometry": {
                "type": "Polygon",
                "coordinates": [
                    [
                        [
                            37.747867,
                            55.757479
                        ],
                        [
                            37.746465,
                            55.752803
                        ],
                        [
                            37.750469,
                            55.746549
                        ],
                        [
                            37.752572,
                            55.743562
                        ],
                        [
                            37.763083,
                            55.738153
                        ],
                        [
                            37.76999,
                            55.73432
                        ],
                        [
                            37.7791,
                            55.73618
                        ],
                        [
                            37.786909,
                            55.737927
                        ],
                        [
                            37.795217,
                            55.739505
                        ],
                        [
                            37.803827,
                            55.741083
                        ],
                        [
                            37.807878,
                            55.742028
                        ],
                        [
                            37.814822,
                            55.743993
                        ],
                        [
                            37.826995,
                            55.746488
                        ],
                        [
                            37.841944,
                            55.749377
                        ],
                        [
                            37.842658,
                            55.761483
                        ],
                        [
                            37.843178,
                            55.768613
                        ],
                        [
                            37.842658,
                            55.776875
                        ],
                        [
                            37.822511,
                            55.772379
                        ],
                        [
                            37.807238,
                            55.769235
                        ],
                        [
                            37.789495,
                            55.765652
                        ],
                        [
                            37.747867,
                            55.757479
                        ]
                    ]
                ]
            },
            "properties": {
                "name": "Перово-Новогиреево"
            },
            "bbox": [
                37.746465,
                55.73432,
                37.843178,
                55.776875
            ]
        },
        {
            "type": "Feature",
            "geometry": {
                "type": "Polygon",
                "coordinates": [
                    [
                        [
                            37.836062,
                            55.709671
                        ],
                        [
                            37.835237,
                            55.707898
                        ],
                        [
                            37.842974,
                            55.705311
                        ],
                        [
                            37.836681,
                            55.699585
                        ],
                        [
                            37.838383,
                            55.697404
                        ],
                        [
                            37.847433,
                            55.694951
                        ],
                        [
                            37.848453,
                            55.694013
                        ],
                        [
                            37.848648,
                            55.693565
                        ],
                        [
                            37.850298,
                            55.692043
                        ],
                        [
                            37.849308,
                            55.689996
                        ],
                        [
                            37.845843,
                            55.687823
                        ],
                        [
                            37.843157,
                            55.686901
                        ],
                        [
                            37.840637,
                            55.68592
                        ],
                        [
                            37.837637,
                            55.68455
                        ],
                        [
                            37.843279,
                            55.68239
                        ],
                        [
                            37.846429,
                            55.681088
                        ],
                        [
                            37.850263,
                            55.679305
                        ],
                        [
                            37.857518,
                            55.675958
                        ],
                        [
                            37.858848,
                            55.677167
                        ],
                        [
                            37.86077,
                            55.680731
                        ],
                        [
                            37.861166,
                            55.681346
                        ],
                        [
                            37.863584,
                            55.681
                        ],
                        [
                            37.86943,
                            55.682094
                        ],
                        [
                            37.869608,
                            55.682284
                        ],
                        [
                            37.871842,
                            55.681912
                        ],
                        [
                            37.882728,
                            55.690075
                        ],
                        [
                            37.872627,
                            55.694439
                        ],
                        [
                            37.863698,
                            55.698995
                        ],
                        [
                            37.857157,
                            55.702205
                        ],
                        [
                            37.849587,
                            55.705166
                        ],
                        [
                            37.841944,
                            55.707775
                        ],
                        [
                            37.836062,
                            55.709671
                        ]
                    ]
                ]
            },
            "properties": {
                "name": "Жулебино"
            },
            "bbox": [
                37.835237,
                55.675958,
                37.882728,
                55.709671
            ]
        },
        {
            "type": "Feature",
            "geometry": {
                "type": "Polygon",
                "coordinates": [
                    [
                        [
                            37.737624,
                            55.725066
                        ],
                        [
                            37.736658,
                            55.725122
                        ],
                        [
                            37.731945,
                            55.724323
                        ],
                        [
                            37.728584,
                            55.723226
                        ],
                        [
                            37.729114,
                            55.722258
                        ],
                        [
                            37.72937,
                            55.720857
                        ],
                        [
                            37.729002,
                            55.718093
                        ],
                        [
                            37.72886,
                            55.716721
                        ],
                        [
                            37.728556,
                            55.715543
                        ],
                        [
                            37.727945,
                            55.714244
                        ],
                        [
                            37.728876,
                            55.713701
                        ],
                        [
                            37.729763,
                            55.713158
                        ],
                        [
                            37.730047,
                            55.712869
                        ],
                        [
                            37.730244,
                            55.712301
                        ],
                        [
                            37.730398,
                            55.71074
                        ],
                        [
                            37.73061,
                            55.708811
                        ],
                        [
                            37.731491,
                            55.705064
                        ],
                        [
                            37.731922,
                            55.703456
                        ],
                        [
                            37.732423,
                            55.701451
                        ],
                        [
                            37.732821,
                            55.699904
                        ],
                        [
                            37.73304,
                            55.698958
                        ],
                        [
                            37.733778,
                            55.696233
                        ],
                        [
                            37.735121,
                            55.692609
                        ],
                        [
                            37.744227,
                            55.693387
                        ],
                        [
                            37.744422,
                            55.692711
                        ],
                        [
                            37.748443,
                            55.692483
                        ],
                        [
                            37.752044,
                            55.691484
                        ],
                        [
                            37.757309,
                            55.692205
                        ],
                        [
                            37.761561,
                            55.693769
                        ],
                        [
                            37.763338,
                            55.694697
                        ],
                        [
                            37.764392,
                            55.69748
                        ],
                        [
                            37.76747,
                            55.697053
                        ],
                        [
                            37.775322,
                            55.696088
                        ],
                        [
                            37.776518,
                            55.698726
                        ],
                        [
                            37.778728,
                            55.704101
                        ],
                        [
                            37.780611,
                            55.708715
                        ],
                        [
                            37.780483,
                            55.7092
                        ],
                        [
                            37.777905,
                            55.7123
                        ],
                        [
                            37.77443,
                            55.71686
                        ],
                        [
                            37.773825,
                            55.717576
                        ],
                        [
                            37.775865,
                            55.719387
                        ],
                        [
                            37.77208,
                            55.720004
                        ],
                        [
                            37.769539,
                            55.71833
                        ],
                        [
                            37.767829,
                            55.716694
                        ],
                        [
                            37.767214,
                            55.716086
                        ],
                        [
                            37.768842,
                            55.715515
                        ],
                        [
                            37.76305,
                            55.71396
                        ],
                        [
                            37.750688,
                            55.718172
                        ],
                        [
                            37.743149,
                            55.720803
                        ],
                        [
                            37.740005,
                            55.720149
                        ],
                        [
                            37.738723,
                            55.723708
                        ],
                        [
                            37.737624,
                            55.725066
                        ]
                    ]
                ]
            },
            "properties": {
                "name": "Кузьминки"
            },
            "bbox": [
                37.727945,
                55.691484,
                37.780611,
                55.725122
            ]
        },
        {
            "type": "Feature",
            "geometry": {
                "type": "Polygon",
                "coordinates": [
                    [
                        [
                            37.791933,
                            55.675494
                        ],
                        [
                            37.793098,
                            55.675992
                        ],
                        [
                            37.794558,
                            55.676695
                        ],
                        [
                            37.790328,
                            55.680092
                        ],
                        [
                            37.784344,
                            55.683351
                        ],
                        [
                            37.776461,
                            55.685359
                        ],
                        [
                            37.771557,
                            55.686198
                        ],
                        [
                            37.765893,
                            55.686478
                        ],
                        [
                            37.764988,
                            55.685688
                        ],
                        [
                            37.761543,
                            55.685787
                        ],
                        [
                            37.755588,
                            55.687251
                        ],
                        [
                            37.749749,
                            55.687992
                        ],
                        [
                            37.743531,
                            55.688008
                        ],
                        [
                            37.742363,
                            55.687005
                        ],
                        [
                            37.735357,
                            55.686774
                        ],
                        [
                            37.735152,
                            55.684783
                        ],
                        [
                            37.733576,
                            55.681656
                        ],
                        [
                            37.733372,
                            55.678397
                        ],
                        [
                            37.732671,
                            55.674166
                        ],
                        [
                            37.732849,
                            55.671041
                        ],
                        [
                            37.728628,
                            55.665392
                        ],
                        [
                            37.721331,
                            55.659904
                        ],
                        [
                            37.723191,
                            55.658774
                        ],
                        [
                            37.727197,
                            55.656393
                        ],
                        [
                            37.733708,
                            55.659097
                        ],
                        [
                            37.737356,
                            55.660025
                        ],
                        [
                            37.740432,
                            55.65938
                        ],
                        [
                            37.741302,
                            55.656828
                        ],
                        [
                            37.746639,
                            55.658903
                        ],
                        [
                            37.752932,
                            55.661265
                        ],
                        [
                            37.752922,
                            55.661843
                        ],
                        [
                            37.753742,
                            55.662768
                        ],
                        [
                            37.755291,
                            55.663247
                        ],
                        [
                            37.757007,
                            55.663239
                        ],
                        [
                            37.75807,
                            55.662879
                        ],
                        [
                            37.765085,
                            55.665577
                        ],
                        [
                            37.770096,
                            55.667461
                        ],
                        [
                            37.770613,
                            55.667419
                        ],
                        [
                            37.772162,
                            55.668001
                        ],
                        [
                            37.774439,
                            55.6692
                        ],
                        [
                            37.784052,
                            55.672625
                        ],
                        [
                            37.791933,
                            55.675494
                        ]
                    ]
                ]
            },
            "properties": {
                "name": "Люблино"
            },
            "bbox": [
                37.721331,
                55.656393,
                37.794558,
                55.688008
            ]
        },
        {
            "type": "Feature",
            "geometry": {
                "type": "Polygon",
                "coordinates": [
                    [
                        [
                            37.741786,
                            55.65597
                        ],
                        [
                            37.74639,
                            55.64345
                        ],
                        [
                            37.754322,
                            55.644577
                        ],
                        [
                            37.767135,
                            55.649272
                        ],
                        [
                            37.77246,
                            55.651369
                        ],
                        [
                            37.778284,
                            55.653529
                        ],
                        [
                            37.778673,
                            55.655563
                        ],
                        [
                            37.778506,
                            55.657847
                        ],
                        [
                            37.781335,
                            55.662197
                        ],
                        [
                            37.785329,
                            55.664731
                        ],
                        [
                            37.789822,
                            55.66642
                        ],
                        [
                            37.793039,
                            55.669392
                        ],
                        [
                            37.796034,
                            55.672333
                        ],
                        [
                            37.798475,
                            55.674648
                        ],
                        [
                            37.794911,
                            55.67652
                        ],
                        [
                            37.78927,
                            55.674451
                        ],
                        [
                            37.781301,
                            55.671584
                        ],
                        [
                            37.777979,
                            55.670271
                        ],
                        [
                            37.774736,
                            55.669188
                        ],
                        [
                            37.772221,
                            55.667911
                        ],
                        [
                            37.768567,
                            55.666478
                        ],
                        [
                            37.766489,
                            55.665619
                        ],
                        [
                            37.759712,
                            55.662947
                        ],
                        [
                            37.758547,
                            55.662551
                        ],
                        [
                            37.758997,
                            55.661939
                        ],
                        [
                            37.759063,
                            55.661364
                        ],
                        [
                            37.758653,
                            55.660744
                        ],
                        [
                            37.757686,
                            55.660169
                        ],
                        [
                            37.756005,
                            55.659855
                        ],
                        [
                            37.754351,
                            55.660146
                        ],
                        [
                            37.753543,
                            55.660669
                        ],
                        [
                            37.751875,
                            55.659975
                        ],
                        [
                            37.746898,
                            55.658063
                        ],
                        [
                            37.743046,
                            55.656577
                        ],
                        [
                            37.741921,
                            55.656211
                        ],
                        [
                            37.741786,
                            55.65597
                        ]
                    ]
                ]
            },
            "properties": {
                "name": "Марьино Восточное"
            },
            "bbox": [
                37.741786,
                55.64345,
                37.798475,
                55.67652
            ]
        },
        {
            "type": "Feature",
            "geometry": {
                "type": "Polygon",
                "coordinates": [
                    [
                        [
                            37.750608,
                            55.630967
                        ],
                        [
                            37.742438,
                            55.631291
                        ],
                        [
                            37.73726,
                            55.631421
                        ],
                        [
                            37.734154,
                            55.630609
                        ],
                        [
                            37.728976,
                            55.630739
                        ],
                        [
                            37.727422,
                            55.629538
                        ],
                        [
                            37.726157,
                            55.627816
                        ],
                        [
                            37.720231,
                            55.628011
                        ],
                        [
                            37.713845,
                            55.627069
                        ],
                        [
                            37.712982,
                            55.628108
                        ],
                        [
                            37.710796,
                            55.627816
                        ],
                        [
                            37.708092,
                            55.626452
                        ],
                        [
                            37.697103,
                            55.624503
                        ],
                        [
                            37.69464,
                            55.622545
                        ],
                        [
                            37.69307,
                            55.619171
                        ],
                        [
                            37.692655,
                            55.615103
                        ],
                        [
                            37.694732,
                            55.611856
                        ],
                        [
                            37.698268,
                            55.608022
                        ],
                        [
                            37.69754,
                            55.606026
                        ],
                        [
                            37.700744,
                            55.603985
                        ],
                        [
                            37.703537,
                            55.604553
                        ],
                        [
                            37.70719,
                            55.601824
                        ],
                        [
                            37.710738,
                            55.598681
                        ],
                        [
                            37.713247,
                            55.598056
                        ],
                        [
                            37.719047,
                            55.594153
                        ],
                        [
                            37.723651,
                            55.589953
                        ],
                        [
                            37.73591,
                            55.59478
                        ],
                        [
                            37.743953,
                            55.599293
                        ],
                        [
                            37.752773,
                            55.604965
                        ],
                        [
                            37.761925,
                            55.607722
                        ],
                        [
                            37.763459,
                            55.610108
                        ],
                        [
                            37.765118,
                            55.612779
                        ],
                        [
                            37.769225,
                            55.614981
                        ],
                        [
                            37.775199,
                            55.619104
                        ],
                        [
                            37.771745,
                            55.619093
                        ],
                        [
                            37.76801,
                            55.619937
                        ],
                        [
                            37.763453,
                            55.621519
                        ],
                        [
                            37.758,
                            55.624134
                        ],
                        [
                            37.754115,
                            55.626601
                        ],
                        [
                            37.752201,
                            55.629068
                        ],
                        [
                            37.751135,
                            55.631004
                        ],
                        [
                            37.750608,
                            55.630967
                        ]
                    ]
                ]
            },
            "properties": {
                "name": "Зябликово"
            },
            "bbox": [
                37.692655,
                55.589953,
                37.775199,
                55.631421
            ]
        },
        {
            "type": "Feature",
            "geometry": {
                "type": "Polygon",
                "coordinates": [
                    [
                        [
                            37.877311,
                            55.748171
                        ],
                        [
                            37.87354,
                            55.747449
                        ],
                        [
                            37.865903,
                            55.745957
                        ],
                        [
                            37.861752,
                            55.745311
                        ],
                        [
                            37.857248,
                            55.74505
                        ],
                        [
                            37.849964,
                            55.744556
                        ],
                        [
                            37.850186,
                            55.743367
                        ],
                        [
                            37.84963,
                            55.743252
                        ],
                        [
                            37.848796,
                            55.742897
                        ],
                        [
                            37.847667,
                            55.741615
                        ],
                        [
                            37.846703,
                            55.739799
                        ],
                        [
                            37.845721,
                            55.737712
                        ],
                        [
                            37.846085,
                            55.736215
                        ],
                        [
                            37.84675,
                            55.733933
                        ],
                        [
                            37.847456,
                            55.731251
                        ],
                        [
                            37.853124,
                            55.73099
                        ],
                        [
                            37.85813,
                            55.730779
                        ],
                        [
                            37.861062,
                            55.730634
                        ],
                        [
                            37.861995,
                            55.732515
                        ],
                        [
                            37.863293,
                            55.73458
                        ],
                        [
                            37.865351,
                            55.736179
                        ],
                        [
                            37.86757,
                            55.737329
                        ],
                        [
                            37.870046,
                            55.738076
                        ],
                        [
                            37.871831,
                            55.738464
                        ],
                        [
                            37.873874,
                            55.739058
                        ],
                        [
                            37.875763,
                            55.739942
                        ],
                        [
                            37.878738,
                            55.738445
                        ],
                        [
                            37.879354,
                            55.738081
                        ],
                        [
                            37.88278,
                            55.737463
                        ],
                        [
                            37.884583,
                            55.738656
                        ],
                        [
                            37.886311,
                            55.740906
                        ],
                        [
                            37.886822,
                            55.74264
                        ],
                        [
                            37.881758,
                            55.743325
                        ],
                        [
                            37.879534,
                            55.74445
                        ],
                        [
                            37.877311,
                            55.748171
                        ]
                    ]
                ]
            },
            "properties": {
                "name": "Новокосино"
            },
            "bbox": [
                37.845721,
                55.730634,
                37.886822,
                55.748171
            ]
        },
        {
            "type": "Feature",
            "geometry": {
                "type": "Polygon",
                "coordinates": [
                    [
                        [
                            37.632455,
                            55.604511
                        ],
                        [
                            37.624506,
                            55.607229
                        ],
                        [
                            37.621159,
                            55.608086
                        ],
                        [
                            37.608084,
                            55.61039
                        ],
                        [
                            37.599455,
                            55.611719
                        ],
                        [
                            37.592238,
                            55.612635
                        ],
                        [
                            37.588786,
                            55.61293
                        ],
                        [
                            37.580506,
                            55.613442
                        ],
                        [
                            37.574765,
                            55.61352
                        ],
                        [
                            37.573617,
                            55.608412
                        ],
                        [
                            37.574939,
                            55.606093
                        ],
                        [
                            37.580262,
                            55.602634
                        ],
                        [
                            37.579114,
                            55.60059
                        ],
                        [
                            37.580436,
                            55.597641
                        ],
                        [
                            37.579984,
                            55.595597
                        ],
                        [
                            37.57814,
                            55.595184
                        ],
                        [
                            37.585229,
                            55.595225
                        ],
                        [
                            37.588438,
                            55.594899
                        ],
                        [
                            37.593407,
                            55.593738
                        ],
                        [
                            37.586895,
                            55.589019
                        ],
                        [
                            37.593872,
                            55.58846
                        ],
                        [
                            37.593737,
                            55.587086
                        ],
                        [
                            37.594141,
                            55.584217
                        ],
                        [
                            37.589818,
                            55.584417
                        ],
                        [
                            37.589531,
                            55.582003
                        ],
                        [
                            37.589615,
                            55.580963
                        ],
                        [
                            37.595424,
                            55.580466
                        ],
                        [
                            37.596589,
                            55.576162
                        ],
                        [
                            37.600776,
                            55.575894
                        ],
                        [
                            37.606801,
                            55.575478
                        ],
                        [
                            37.609722,
                            55.579095
                        ],
                        [
                            37.612783,
                            55.58285
                        ],
                        [
                            37.613513,
                            55.584717
                        ],
                        [
                            37.613652,
                            55.587291
                        ],
                        [
                            37.614347,
                            55.59075
                        ],
                        [
                            37.615192,
                            55.593173
                        ],
                        [
                            37.616861,
                            55.594588
                        ],
                        [
                            37.619017,
                            55.595766
                        ],
                        [
                            37.620686,
                            55.596218
                        ],
                        [
                            37.625381,
                            55.598203
                        ],
                        [
                            37.627259,
                            55.600227
                        ],
                        [
                            37.630041,
                            55.602113
                        ],
                        [
                            37.632455,
                            55.604511
                        ]
                    ]
                ]
            },
            "properties": {
                "name": "Южное Чертаново"
            },
            "bbox": [
                37.573617,
                55.575478,
                37.632455,
                55.61352
            ]
        },
        {
            "type": "Feature",
            "geometry": {
                "type": "Polygon",
                "coordinates": [
                    [
                        [
                            37.588055,
                            55.642923
                        ],
                        [
                            37.587817,
                            55.638621
                        ],
                        [
                            37.589659,
                            55.637954
                        ],
                        [
                            37.588941,
                            55.635793
                        ],
                        [
                            37.587952,
                            55.633325
                        ],
                        [
                            37.586739,
                            55.632416
                        ],
                        [
                            37.586484,
                            55.631524
                        ],
                        [
                            37.58357,
                            55.624962
                        ],
                        [
                            37.581839,
                            55.619338
                        ],
                        [
                            37.579843,
                            55.617134
                        ],
                        [
                            37.575333,
                            55.61356
                        ],
                        [
                            37.576135,
                            55.613521
                        ],
                        [
                            37.578711,
                            55.613493
                        ],
                        [
                            37.580593,
                            55.613471
                        ],
                        [
                            37.582436,
                            55.613359
                        ],
                        [
                            37.585358,
                            55.613186
                        ],
                        [
                            37.589489,
                            55.612928
                        ],
                        [
                            37.591659,
                            55.612727
                        ],
                        [
                            37.59474,
                            55.612386
                        ],
                        [
                            37.596919,
                            55.612095
                        ],
                        [
                            37.599614,
                            55.611753
                        ],
                        [
                            37.602061,
                            55.611367
                        ],
                        [
                            37.604032,
                            55.611076
                        ],
                        [
                            37.609461,
                            55.610215
                        ],
                        [
                            37.611576,
                            55.614857
                        ],
                        [
                            37.613538,
                            55.619154
                        ],
                        [
                            37.615118,
                            55.62237
                        ],
                        [
                            37.616062,
                            55.624885
                        ],
                        [
                            37.618306,
                            55.629733
                        ],
                        [
                            37.619503,
                            55.632307
                        ],
                        [
                            37.619817,
                            55.634879
                        ],
                        [
                            37.619774,
                            55.640681
                        ],
                        [
                            37.607914,
                            55.641257
                        ],
                        [
                            37.598589,
                            55.641701
                        ],
                        [
                            37.591677,
                            55.642122
                        ],
                        [
                            37.589321,
                            55.642498
                        ],
                        [
                            37.588055,
                            55.642923
                        ]
                    ]
                ]
            },
            "properties": {
                "name": "Северное Чертаново"
            },
            "bbox": [
                37.575333,
                55.610215,
                37.619817,
                55.642923
            ]
        },
        {
            "type": "Feature",
            "geometry": {
                "type": "Polygon",
                "coordinates": [
                    [
                        [
                            37.562848,
                            55.677726
                        ],
                        [
                            37.561145,
                            55.676099
                        ],
                        [
                            37.558942,
                            55.674064
                        ],
                        [
                            37.555979,
                            55.671369
                        ],
                        [
                            37.553609,
                            55.669005
                        ],
                        [
                            37.551553,
                            55.667124
                        ],
                        [
                            37.548537,
                            55.664434
                        ],
                        [
                            37.551015,
                            55.6636
                        ],
                        [
                            37.555329,
                            55.662093
                        ],
                        [
                            37.558225,
                            55.661125
                        ],
                        [
                            37.561216,
                            55.660103
                        ],
                        [
                            37.562843,
                            55.659522
                        ],
                        [
                            37.562749,
                            55.659449
                        ],
                        [
                            37.56169,
                            55.658486
                        ],
                        [
                            37.560563,
                            55.657503
                        ],
                        [
                            37.559846,
                            55.656502
                        ],
                        [
                            37.558251,
                            55.655563
                        ],
                        [
                            37.555345,
                            55.654461
                        ],
                        [
                            37.552333,
                            55.652791
                        ],
                        [
                            37.551012,
                            55.65139
                        ],
                        [
                            37.552492,
                            55.651122
                        ],
                        [
                            37.556084,
                            55.650615
                        ],
                        [
                            37.562794,
                            55.649691
                        ],
                        [
                            37.569557,
                            55.64826
                        ],
                        [
                            37.576584,
                            55.646382
                        ],
                        [
                            37.578275,
                            55.648588
                        ],
                        [
                            37.579684,
                            55.651493
                        ],
                        [
                            37.580299,
                            55.652283
                        ],
                        [
                            37.581187,
                            55.653208
                        ],
                        [
                            37.582682,
                            55.654756
                        ],
                        [
                            37.584327,
                            55.656451
                        ],
                        [
                            37.585972,
                            55.658226
                        ],
                        [
                            37.587545,
                            55.659839
                        ],
                        [
                            37.588546,
                            55.660848
                        ],
                        [
                            37.589547,
                            55.661655
                        ],
                        [
                            37.590334,
                            55.662421
                        ],
                        [
                            37.591192,
                            55.663187
                        ],
                        [
                            37.592479,
                            55.664236
                        ],
                        [
                            37.593104,
                            55.664653
                        ],
                        [
                            37.593617,
                            55.665071
                        ],
                        [
                            37.594101,
                            55.665441
                        ],
                        [
                            37.5945,
                            55.66573
                        ],
                        [
                            37.594956,
                            55.666019
                        ],
                        [
                            37.595355,
                            55.666292
                        ],
                        [
                            37.595811,
                            55.666582
                        ],
                        [
                            37.594358,
                            55.667064
                        ],
                        [
                            37.592826,
                            55.667558
                        ],
                        [
                            37.590606,
                            55.66829
                        ],
                        [
                            37.589582,
                            55.668501
                        ],
                        [
                            37.585303,
                            55.669912
                        ],
                        [
                            37.581963,
                            55.671106
                        ],
                        [
                            37.580717,
                            55.671711
                        ],
                        [
                            37.57668,
                            55.673074
                        ],
                        [
                            37.572518,
                            55.674536
                        ],
                        [
                            37.569776,
                            55.675505
                        ],
                        [
                            37.568405,
                            55.675814
                        ],
                        [
                            37.56706,
                            55.676292
                        ],
                        [
                            37.562848,
                            55.677726
                        ]
                    ]
                ]
            },
            "properties": {
                "name": "Зюзино"
            },
            "bbox": [
                37.548537,
                55.646382,
                37.595811,
                55.677726
            ]
        },
        {
            "type": "Feature",
            "geometry": {
                "type": "Polygon",
                "coordinates": [
                    [
                        [
                            37.522175,
                            55.654902
                        ],
                        [
                            37.519612,
                            55.652966
                        ],
                        [
                            37.515895,
                            55.650077
                        ],
                        [
                            37.511125,
                            55.646507
                        ],
                        [
                            37.506673,
                            55.643127
                        ],
                        [
                            37.503086,
                            55.640432
                        ],
                        [
                            37.506177,
                            55.639218
                        ],
                        [
                            37.510281,
                            55.637585
                        ],
                        [
                            37.513272,
                            55.636413
                        ],
                        [
                            37.51572,
                            55.635492
                        ],
                        [
                            37.517154,
                            55.635101
                        ],
                        [
                            37.520664,
                            55.634264
                        ],
                        [
                            37.528605,
                            55.632505
                        ],
                        [
                            37.532324,
                            55.631698
                        ],
                        [
                            37.53328,
                            55.631649
                        ],
                        [
                            37.535083,
                            55.631698
                        ],
                        [
                            37.537473,
                            55.632091
                        ],
                        [
                            37.538646,
                            55.632508
                        ],
                        [
                            37.540275,
                            55.633366
                        ],
                        [
                            37.541166,
                            55.634151
                        ],
                        [
                            37.542839,
                            55.636137
                        ],
                        [
                            37.543925,
                            55.637511
                        ],
                        [
                            37.545511,
                            55.639191
                        ],
                        [
                            37.547249,
                            55.640147
                        ],
                        [
                            37.550556,
                            55.641479
                        ],
                        [
                            37.550677,
                            55.642002
                        ],
                        [
                            37.545883,
                            55.645162
                        ],
                        [
                            37.544132,
                            55.64585
                        ],
                        [
                            37.533153,
                            55.650303
                        ],
                        [
                            37.522175,
                            55.654902
                        ]
                    ]
                ]
            },
            "properties": {
                "name": "Беляево"
            },
            "bbox": [
                37.503086,
                55.631649,
                37.550677,
                55.654902
            ]
        },
        {
            "type": "Feature",
            "geometry": {
                "type": "Polygon",
                "coordinates": [
                    [
                        [
                            37.370952,
                            55.649236
                        ],
                        [
                            37.367265,
                            55.647003
                        ],
                        [
                            37.362757,
                            55.644278
                        ],
                        [
                            37.35849,
                            55.645621
                        ],
                        [
                            37.355387,
                            55.643304
                        ],
                        [
                            37.350604,
                            55.645756
                        ],
                        [
                            37.348541,
                            55.64611
                        ],
                        [
                            37.346132,
                            55.646585
                        ],
                        [
                            37.343476,
                            55.647888
                        ],
                        [
                            37.342766,
                            55.647376
                        ],
                        [
                            37.342505,
                            55.64748
                        ],
                        [
                            37.341015,
                            55.648254
                        ],
                        [
                            37.339592,
                            55.648345
                        ],
                        [
                            37.338802,
                            55.647307
                        ],
                        [
                            37.337289,
                            55.646667
                        ],
                        [
                            37.336347,
                            55.646374
                        ],
                        [
                            37.336245,
                            55.645665
                        ],
                        [
                            37.336398,
                            55.644454
                        ],
                        [
                            37.33707,
                            55.64384
                        ],
                        [
                            37.334755,
                            55.64246
                        ],
                        [
                            37.332355,
                            55.641022
                        ],
                        [
                            37.332051,
                            55.640626
                        ],
                        [
                            37.332289,
                            55.640298
                        ],
                        [
                            37.335673,
                            55.638522
                        ],
                        [
                            37.337669,
                            55.63744
                        ],
                        [
                            37.339401,
                            55.636552
                        ],
                        [
                            37.340974,
                            55.635717
                        ],
                        [
                            37.341554,
                            55.635213
                        ],
                        [
                            37.342204,
                            55.634318
                        ],
                        [
                            37.342464,
                            55.634083
                        ],
                        [
                            37.344699,
                            55.634267
                        ],
                        [
                            37.34631,
                            55.634725
                        ],
                        [
                            37.348821,
                            55.636183
                        ],
                        [
                            37.351668,
                            55.637927
                        ],
                        [
                            37.352805,
                            55.638623
                        ],
                        [
                            37.353632,
                            55.638176
                        ],
                        [
                            37.359858,
                            55.634935
                        ],
                        [
                            37.360179,
                            55.634939
                        ],
                        [
                            37.368333,
                            55.639768
                        ],
                        [
                            37.372594,
                            55.639919
                        ],
                        [
                            37.373038,
                            55.642173
                        ],
                        [
                            37.371839,
                            55.644052
                        ],
                        [
                            37.371751,
                            55.645404
                        ],
                        [
                            37.372461,
                            55.647834
                        ],
                        [
                            37.370952,
                            55.649236
                        ]
                    ]
                ]
            },
            "properties": {
                "name": "Новопеределкино"
            },
            "bbox": [
                37.332051,
                55.634083,
                37.373038,
                55.649236
            ]
        },
        {
            "type": "Feature",
            "geometry": {
                "type": "Polygon",
                "coordinates": [
                    [
                        [
                            37.427855,
                            55.667698
                        ],
                        [
                            37.425653,
                            55.667054
                        ],
                        [
                            37.42015,
                            55.665396
                        ],
                        [
                            37.411909,
                            55.662981
                        ],
                        [
                            37.402764,
                            55.661285
                        ],
                        [
                            37.395542,
                            55.659841
                        ],
                        [
                            37.390005,
                            55.658753
                        ],
                        [
                            37.383548,
                            55.656416
                        ],
                        [
                            37.382828,
                            55.656148
                        ],
                        [
                            37.381922,
                            55.655694
                        ],
                        [
                            37.381059,
                            55.654817
                        ],
                        [
                            37.380858,
                            55.653673
                        ],
                        [
                            37.380541,
                            55.652418
                        ],
                        [
                            37.38044,
                            55.650909
                        ],
                        [
                            37.379712,
                            55.648163
                        ],
                        [
                            37.379566,
                            55.645368
                        ],
                        [
                            37.379516,
                            55.642985
                        ],
                        [
                            37.379516,
                            55.641719
                        ],
                        [
                            37.379948,
                            55.640534
                        ],
                        [
                            37.381053,
                            55.640171
                        ],
                        [
                            37.383243,
                            55.640373
                        ],
                        [
                            37.385813,
                            55.640604
                        ],
                        [
                            37.394437,
                            55.641758
                        ],
                        [
                            37.396928,
                            55.639615
                        ],
                        [
                            37.398037,
                            55.637586
                        ],
                        [
                            37.403804,
                            55.636977
                        ],
                        [
                            37.40461,
                            55.639145
                        ],
                        [
                            37.407371,
                            55.638885
                        ],
                        [
                            37.413384,
                            55.637343
                        ],
                        [
                            37.414886,
                            55.637503
                        ],
                        [
                            37.416376,
                            55.639172
                        ],
                        [
                            37.417292,
                            55.642558
                        ],
                        [
                            37.417344,
                            55.644805
                        ],
                        [
                            37.41751,
                            55.64508
                        ],
                        [
                            37.417209,
                            55.645818
                        ],
                        [
                            37.41625,
                            55.646165
                        ],
                        [
                            37.41572,
                            55.647134
                        ],
                        [
                            37.414773,
                            55.648686
                        ],
                        [
                            37.414087,
                            55.649863
                        ],
                        [
                            37.413422,
                            55.651095
                        ],
                        [
                            37.413437,
                            55.651418
                        ],
                        [
                            37.415176,
                            55.652954
                        ],
                        [
                            37.416179,
                            55.65299
                        ],
                        [
                            37.416406,
                            55.652802
                        ],
                        [
                            37.416915,
                            55.652946
                        ],
                        [
                            37.417028,
                            55.653169
                        ],
                        [
                            37.416999,
                            55.654083
                        ],
                        [
                            37.416816,
                            55.654182
                        ],
                        [
                            37.416654,
                            55.654966
                        ],
                        [
                            37.416506,
                            55.65499
                        ],
                        [
                            37.416463,
                            55.655776
                        ],
                        [
                            37.415976,
                            55.655788
                        ],
                        [
                            37.41483,
                            55.6557
                        ],
                        [
                            37.414017,
                            55.655576
                        ],
                        [
                            37.413363,
                            55.656644
                        ],
                        [
                            37.412712,
                            55.657888
                        ],
                        [
                            37.414472,
                            55.657944
                        ],
                        [
                            37.415031,
                            55.658083
                        ],
                        [
                            37.415722,
                            55.658558
                        ],
                        [
                            37.419398,
                            55.658554
                        ],
                        [
                            37.420098,
                            55.657964
                        ],
                        [
                            37.421766,
                            55.657764
                        ],
                        [
                            37.422117,
                            55.65601
                        ],
                        [
                            37.422435,
                            55.654248
                        ],
                        [
                            37.422329,
                            55.653055
                        ],
                        [
                            37.422732,
                            55.652497
                        ],
                        [
                            37.423637,
                            55.651543
                        ],
                        [
                            37.426663,
                            55.652608
                        ],
                        [
                            37.429172,
                            55.654407
                        ],
                        [
                            37.432373,
                            55.654612
                        ],
                        [
                            37.433137,
                            55.654504
                        ],
                        [
                            37.438477,
                            55.656494
                        ],
                        [
                            37.436368,
                            55.658361
                        ],
                        [
                            37.431501,
                            55.663152
                        ],
                        [
                            37.427855,
                            55.667698
                        ]
                    ]
                ]
            },
            "properties": {
                "name": "Солнцево"
            },
            "bbox": [
                37.379516,
                55.636977,
                37.438477,
                55.667698
            ]
        },
        {
            "type": "Feature",
            "geometry": {
                "type": "Polygon",
                "coordinates": [
                    [
                        [
                            37.395604,
                            55.771113
                        ],
                        [
                            37.395845,
                            55.768676
                        ],
                        [
                            37.400373,
                            55.76704
                        ],
                        [
                            37.401817,
                            55.766067
                        ],
                        [
                            37.403042,
                            55.76315
                        ],
                        [
                            37.403896,
                            55.762596
                        ],
                        [
                            37.40383,
                            55.762043
                        ],
                        [
                            37.396808,
                            55.757468
                        ],
                        [
                            37.401775,
                            55.755135
                        ],
                        [
                            37.406376,
                            55.752927
                        ],
                        [
                            37.410847,
                            55.750734
                        ],
                        [
                            37.415979,
                            55.748282
                        ],
                        [
                            37.420997,
                            55.745952
                        ],
                        [
                            37.422377,
                            55.745061
                        ],
                        [
                            37.424548,
                            55.744341
                        ],
                        [
                            37.427467,
                            55.742771
                        ],
                        [
                            37.432312,
                            55.74027
                        ],
                        [
                            37.436697,
                            55.738288
                        ],
                        [
                            37.438034,
                            55.737381
                        ],
                        [
                            37.43973,
                            55.73853
                        ],
                        [
                            37.43986,
                            55.739267
                        ],
                        [
                            37.438925,
                            55.739939
                        ],
                        [
                            37.435524,
                            55.741599
                        ],
                        [
                            37.433289,
                            55.742657
                        ],
                        [
                            37.431901,
                            55.744533
                        ],
                        [
                            37.430019,
                            55.745624
                        ],
                        [
                            37.428391,
                            55.747369
                        ],
                        [
                            37.42511,
                            55.748708
                        ],
                        [
                            37.419648,
                            55.751393
                        ],
                        [
                            37.417608,
                            55.75294
                        ],
                        [
                            37.415729,
                            55.7531
                        ],
                        [
                            37.414044,
                            55.753299
                        ],
                        [
                            37.413068,
                            55.754796
                        ],
                        [
                            37.413973,
                            55.755515
                        ],
                        [
                            37.418243,
                            55.75621
                        ],
                        [
                            37.419454,
                            55.756889
                        ],
                        [
                            37.42009,
                            55.758493
                        ],
                        [
                            37.420453,
                            55.760009
                        ],
                        [
                            37.419322,
                            55.761163
                        ],
                        [
                            37.416489,
                            55.761791
                        ],
                        [
                            37.41548,
                            55.762629
                        ],
                        [
                            37.418336,
                            55.76332
                        ],
                        [
                            37.418694,
                            55.763815
                        ],
                        [
                            37.417935,
                            55.764759
                        ],
                        [
                            37.415991,
                            55.766796
                        ],
                        [
                            37.413712,
                            55.767522
                        ],
                        [
                            37.413562,
                            55.76854
                        ],
                        [
                            37.415507,
                            55.769538
                        ],
                        [
                            37.418506,
                            55.769462
                        ],
                        [
                            37.419595,
                            55.769735
                        ],
                        [
                            37.418891,
                            55.771941
                        ],
                        [
                            37.409105,
                            55.771781
                        ],
                        [
                            37.400777,
                            55.771357
                        ],
                        [
                            37.395604,
                            55.771113
                        ]
                    ]
                ]
            },
            "properties": {
                "name": "Крылатское"
            },
            "bbox": [
                37.395604,
                55.737381,
                37.43986,
                55.771941
            ]
        },
        {
            "type": "Feature",
            "geometry": {
                "type": "Polygon",
                "coordinates": [
                    [
                        [
                            37.401869,
                            55.729134
                        ],
                        [
                            37.405379,
                            55.728661
                        ],
                        [
                            37.411422,
                            55.728301
                        ],
                        [
                            37.419691,
                            55.727849
                        ],
                        [
                            37.42878,
                            55.7278
                        ],
                        [
                            37.430485,
                            55.727503
                        ],
                        [
                            37.436456,
                            55.727447
                        ],
                        [
                            37.436806,
                            55.729915
                        ],
                        [
                            37.439238,
                            55.729759
                        ],
                        [
                            37.440996,
                            55.73005
                        ],
                        [
                            37.445625,
                            55.730868
                        ],
                        [
                            37.444361,
                            55.733095
                        ],
                        [
                            37.442852,
                            55.734289
                        ],
                        [
                            37.440452,
                            55.735631
                        ],
                        [
                            37.434434,
                            55.738664
                        ],
                        [
                            37.426238,
                            55.742675
                        ],
                        [
                            37.421202,
                            55.744891
                        ],
                        [
                            37.414205,
                            55.748357
                        ],
                        [
                            37.40569,
                            55.752493
                        ],
                        [
                            37.40444,
                            55.751717
                        ],
                        [
                            37.401722,
                            55.749998
                        ],
                        [
                            37.400135,
                            55.750768
                        ],
                        [
                            37.398548,
                            55.750947
                        ],
                        [
                            37.395463,
                            55.749266
                        ],
                        [
                            37.397328,
                            55.748339
                        ],
                        [
                            37.396179,
                            55.74763
                        ],
                        [
                            37.393628,
                            55.745945
                        ],
                        [
                            37.394676,
                            55.745227
                        ],
                        [
                            37.39353,
                            55.744454
                        ],
                        [
                            37.390593,
                            55.743199
                        ],
                        [
                            37.394412,
                            55.739843
                        ],
                        [
                            37.390035,
                            55.736965
                        ],
                        [
                            37.391827,
                            55.736453
                        ],
                        [
                            37.391945,
                            55.734005
                        ],
                        [
                            37.403932,
                            55.733899
                        ],
                        [
                            37.404062,
                            55.732761
                        ],
                        [
                            37.403817,
                            55.731672
                        ],
                        [
                            37.402835,
                            55.730363
                        ],
                        [
                            37.401869,
                            55.729134
                        ]
                    ]
                ]
            },
            "properties": {
                "name": "Кунцево"
            },
            "bbox": [
                37.390035,
                55.727447,
                37.445625,
                55.752493
            ]
        },
        {
            "type": "Feature",
            "geometry": {
                "type": "Polygon",
                "coordinates": [
                    [
                        [
                            37.774452,
                            55.716867
                        ],
                        [
                            37.775645,
                            55.71537
                        ],
                        [
                            37.777175,
                            55.713378
                        ],
                        [
                            37.779394,
                            55.710611
                        ],
                        [
                            37.780537,
                            55.709295
                        ],
                        [
                            37.781767,
                            55.709043
                        ],
                        [
                            37.781419,
                            55.708196
                        ],
                        [
                            37.779991,
                            55.704763
                        ],
                        [
                            37.779022,
                            55.70209
                        ],
                        [
                            37.777584,
                            55.698622
                        ],
                        [
                            37.777124,
                            55.697319
                        ],
                        [
                            37.781348,
                            55.696717
                        ],
                        [
                            37.784189,
                            55.69647
                        ],
                        [
                            37.786649,
                            55.696799
                        ],
                        [
                            37.787966,
                            55.697065
                        ],
                        [
                            37.791283,
                            55.696647
                        ],
                        [
                            37.794557,
                            55.696208
                        ],
                        [
                            37.801355,
                            55.693818
                        ],
                        [
                            37.806406,
                            55.690742
                        ],
                        [
                            37.809288,
                            55.695277
                        ],
                        [
                            37.816321,
                            55.692678
                        ],
                        [
                            37.821066,
                            55.690738
                        ],
                        [
                            37.82428,
                            55.692049
                        ],
                        [
                            37.82859,
                            55.693743
                        ],
                        [
                            37.829649,
                            55.698133
                        ],
                        [
                            37.83067,
                            55.701245
                        ],
                        [
                            37.83471,
                            55.707896
                        ],
                        [
                            37.827264,
                            55.709503
                        ],
                        [
                            37.817995,
                            55.711958
                        ],
                        [
                            37.809593,
                            55.713978
                        ],
                        [
                            37.810094,
                            55.714602
                        ],
                        [
                            37.811088,
                            55.715924
                        ],
                        [
                            37.812008,
                            55.716995
                        ],
                        [
                            37.8062,
                            55.718954
                        ],
                        [
                            37.80082,
                            55.720757
                        ],
                        [
                            37.800652,
                            55.721264
                        ],
                        [
                            37.795528,
                            55.722975
                        ],
                        [
                            37.793523,
                            55.721924
                        ],
                        [
                            37.78986,
                            55.72086
                        ],
                        [
                            37.788271,
                            55.720431
                        ],
                        [
                            37.785852,
                            55.719679
                        ],
                        [
                            37.783041,
                            55.718913
                        ],
                        [
                            37.779055,
                            55.718018
                        ],
                        [
                            37.774452,
                            55.716867
                        ]
                    ]
                ]
            },
            "properties": {
                "name": "Выхино"
            },
            "bbox": [
                37.774452,
                55.690738,
                37.83471,
                55.722975
            ]
        },
        {
            "type": "Feature",
            "geometry": {
                "type": "Polygon",
                "coordinates": [
                    [
                        [
                            37.571561,
                            55.579801
                        ],
                        [
                            37.569159,
                            55.578326
                        ],
                        [
                            37.56557,
                            55.575457
                        ],
                        [
                            37.563936,
                            55.573424
                        ],
                        [
                            37.56211,
                            55.570881
                        ],
                        [
                            37.560283,
                            55.56824
                        ],
                        [
                            37.558234,
                            55.565337
                        ],
                        [
                            37.557926,
                            55.564587
                        ],
                        [
                            37.559733,
                            55.564218
                        ],
                        [
                            37.563617,
                            55.565381
                        ],
                        [
                            37.566449,
                            55.56461
                        ],
                        [
                            37.569794,
                            55.562052
                        ],
                        [
                            37.571348,
                            55.560027
                        ],
                        [
                            37.577425,
                            55.557736
                        ],
                        [
                            37.583676,
                            55.559154
                        ],
                        [
                            37.587554,
                            55.56018
                        ],
                        [
                            37.588701,
                            55.560793
                        ],
                        [
                            37.583468,
                            55.563116
                        ],
                        [
                            37.587596,
                            55.566134
                        ],
                        [
                            37.590459,
                            55.568272
                        ],
                        [
                            37.592437,
                            55.56972
                        ],
                        [
                            37.593198,
                            55.570425
                        ],
                        [
                            37.593475,
                            55.571033
                        ],
                        [
                            37.593301,
                            55.571734
                        ],
                        [
                            37.59285,
                            55.572383
                        ],
                        [
                            37.591948,
                            55.573385
                        ],
                        [
                            37.591436,
                            55.574063
                        ],
                        [
                            37.590729,
                            55.574729
                        ],
                        [
                            37.590268,
                            55.574978
                        ],
                        [
                            37.588751,
                            55.575389
                        ],
                        [
                            37.586733,
                            55.575887
                        ],
                        [
                            37.583303,
                            55.576696
                        ],
                        [
                            37.5811,
                            55.577218
                        ],
                        [
                            37.577832,
                            55.578028
                        ],
                        [
                            37.574471,
                            55.578845
                        ],
                        [
                            37.572688,
                            55.579337
                        ],
                        [
                            37.571561,
                            55.579801
                        ]
                    ]
                ]
            },
            "properties": {
                "name": "Северное Бутово"
            },
            "bbox": [
                37.557926,
                55.557736,
                37.593475,
                55.579801
            ]
        },
        {
            "type": "Feature",
            "geometry": {
                "type": "Polygon",
                "coordinates": [
                    [
                        [
                            37.543586,
                            55.62176
                        ],
                        [
                            37.540233,
                            55.620138
                        ],
                        [
                            37.537604,
                            55.618122
                        ],
                        [
                            37.533622,
                            55.619285
                        ],
                        [
                            37.532484,
                            55.618399
                        ],
                        [
                            37.532366,
                            55.617956
                        ],
                        [
                            37.526127,
                            55.616438
                        ],
                        [
                            37.523989,
                            55.614111
                        ],
                        [
                            37.518358,
                            55.611263
                        ],
                        [
                            37.513532,
                            55.609158
                        ],
                        [
                            37.511983,
                            55.606538
                        ],
                        [
                            37.51123,
                            55.605182
                        ],
                        [
                            37.510884,
                            55.604354
                        ],
                        [
                            37.510949,
                            55.603924
                        ],
                        [
                            37.508969,
                            55.602302
                        ],
                        [
                            37.507272,
                            55.601492
                        ],
                        [
                            37.507181,
                            55.601154
                        ],
                        [
                            37.507669,
                            55.600413
                        ],
                        [
                            37.508377,
                            55.599889
                        ],
                        [
                            37.510327,
                            55.598741
                        ],
                        [
                            37.511279,
                            55.598161
                        ],
                        [
                            37.512325,
                            55.597347
                        ],
                        [
                            37.513314,
                            55.596753
                        ],
                        [
                            37.515198,
                            55.59571
                        ],
                        [
                            37.516362,
                            55.596184
                        ],
                        [
                            37.517584,
                            55.596905
                        ],
                        [
                            37.518964,
                            55.596645
                        ],
                        [
                            37.521401,
                            55.597762
                        ],
                        [
                            37.523122,
                            55.599504
                        ],
                        [
                            37.524894,
                            55.597078
                        ],
                        [
                            37.527892,
                            55.596472
                        ],
                        [
                            37.530005,
                            55.59805
                        ],
                        [
                            37.535406,
                            55.596895
                        ],
                        [
                            37.533481,
                            55.593969
                        ],
                        [
                            37.53435,
                            55.591822
                        ],
                        [
                            37.537877,
                            55.590762
                        ],
                        [
                            37.541981,
                            55.589798
                        ],
                        [
                            37.54831,
                            55.588296
                        ],
                        [
                            37.549314,
                            55.589396
                        ],
                        [
                            37.549897,
                            55.593365
                        ],
                        [
                            37.548595,
                            55.594352
                        ],
                        [
                            37.541947,
                            55.595705
                        ],
                        [
                            37.544968,
                            55.597706
                        ],
                        [
                            37.546019,
                            55.599388
                        ],
                        [
                            37.548177,
                            55.600882
                        ],
                        [
                            37.549782,
                            55.602364
                        ],
                        [
                            37.553381,
                            55.601624
                        ],
                        [
                            37.554596,
                            55.600999
                        ],
                        [
                            37.55626,
                            55.601517
                        ],
                        [
                            37.556589,
                            55.602671
                        ],
                        [
                            37.554905,
                            55.603369
                        ],
                        [
                            37.556617,
                            55.604566
                        ],
                        [
                            37.558012,
                            55.605433
                        ],
                        [
                            37.557713,
                            55.605984
                        ],
                        [
                            37.557264,
                            55.607403
                        ],
                        [
                            37.554415,
                            55.6076
                        ],
                        [
                            37.551445,
                            55.607994
                        ],
                        [
                            37.551164,
                            55.608737
                        ],
                        [
                            37.556156,
                            55.610532
                        ],
                        [
                            37.556474,
                            55.611888
                        ],
                        [
                            37.551313,
                            55.615686
                        ],
                        [
                            37.545524,
                            55.619767
                        ],
                        [
                            37.543586,
                            55.62176
                        ]
                    ]
                ]
            },
            "properties": {
                "name": "Ясенево"
            },
            "bbox": [
                37.507181,
                55.588296,
                37.558012,
                55.62176
            ]
        },
        {
            "type": "Feature",
            "geometry": {
                "type": "Polygon",
                "coordinates": [
                    [
                        [
                            37.684898,
                            55.863838
                        ],
                        [
                            37.691453,
                            55.867995
                        ],
                        [
                            37.694573,
                            55.870033
                        ],
                        [
                            37.701803,
                            55.874572
                        ],
                        [
                            37.706385,
                            55.877334
                        ],
                        [
                            37.715719,
                            55.88339
                        ],
                        [
                            37.719131,
                            55.885591
                        ],
                        [
                            37.715475,
                            55.887504
                        ],
                        [
                            37.710562,
                            55.889937
                        ],
                        [
                            37.706647,
                            55.891682
                        ],
                        [
                            37.703133,
                            55.892864
                        ],
                        [
                            37.699068,
                            55.893821
                        ],
                        [
                            37.694801,
                            55.894356
                        ],
                        [
                            37.690585,
                            55.894553
                        ],
                        [
                            37.68677,
                            55.894722
                        ],
                        [
                            37.686068,
                            55.891373
                        ],
                        [
                            37.682956,
                            55.887545
                        ],
                        [
                            37.679944,
                            55.884138
                        ],
                        [
                            37.675427,
                            55.883519
                        ],
                        [
                            37.67106,
                            55.881182
                        ],
                        [
                            37.666392,
                            55.880253
                        ],
                        [
                            37.661975,
                            55.878423
                        ],
                        [
                            37.658913,
                            55.873186
                        ],
                        [
                            37.657106,
                            55.870989
                        ],
                        [
                            37.657368,
                            55.870822
                        ],
                        [
                            37.660044,
                            55.870435
                        ],
                        [
                            37.663331,
                            55.869944
                        ],
                        [
                            37.666085,
                            55.869498
                        ],
                        [
                            37.670684,
                            55.868762
                        ],
                        [
                            37.673245,
                            55.868365
                        ],
                        [
                            37.675317,
                            55.868041
                        ],
                        [
                            37.677145,
                            55.867526
                        ],
                        [
                            37.67961,
                            55.866378
                        ],
                        [
                            37.681533,
                            55.865441
                        ],
                        [
                            37.682854,
                            55.864803
                        ],
                        [
                            37.683693,
                            55.864371
                        ],
                        [
                            37.684261,
                            55.864347
                        ],
                        [
                            37.684898,
                            55.863838
                        ]
                    ]
                ]
            },
            "properties": {
                "name": "Лосиноостровская"
            },
            "bbox": [
                37.657106,
                55.863838,
                37.719131,
                55.894722
            ]
        },
        {
            "type": "Feature",
            "geometry": {
                "type": "Polygon",
                "coordinates": [
                    [
                        [
                            37.506393,
                            55.71046
                        ],
                        [
                            37.503299,
                            55.710382
                        ],
                        [
                            37.500589,
                            55.709577
                        ],
                        [
                            37.501113,
                            55.709131
                        ],
                        [
                            37.502436,
                            55.708388
                        ],
                        [
                            37.498193,
                            55.706005
                        ],
                        [
                            37.490739,
                            55.706078
                        ],
                        [
                            37.488535,
                            55.704781
                        ],
                        [
                            37.488049,
                            55.70175
                        ],
                        [
                            37.48928,
                            55.701165
                        ],
                        [
                            37.48672,
                            55.699485
                        ],
                        [
                            37.487044,
                            55.697859
                        ],
                        [
                            37.483446,
                            55.695814
                        ],
                        [
                            37.487303,
                            55.692507
                        ],
                        [
                            37.485955,
                            55.691085
                        ],
                        [
                            37.486112,
                            55.690818
                        ],
                        [
                            37.482524,
                            55.688947
                        ],
                        [
                            37.477662,
                            55.68609
                        ],
                        [
                            37.479314,
                            55.684573
                        ],
                        [
                            37.481312,
                            55.681415
                        ],
                        [
                            37.482839,
                            55.679064
                        ],
                        [
                            37.485142,
                            55.675294
                        ],
                        [
                            37.487642,
                            55.673364
                        ],
                        [
                            37.491853,
                            55.671682
                        ],
                        [
                            37.495012,
                            55.670594
                        ],
                        [
                            37.506285,
                            55.676877
                        ],
                        [
                            37.502557,
                            55.678909
                        ],
                        [
                            37.498696,
                            55.681184
                        ],
                        [
                            37.49409,
                            55.68383
                        ],
                        [
                            37.494222,
                            55.687441
                        ],
                        [
                            37.50032,
                            55.689543
                        ],
                        [
                            37.506375,
                            55.6931
                        ],
                        [
                            37.512324,
                            55.696391
                        ],
                        [
                            37.513567,
                            55.697366
                        ],
                        [
                            37.51396,
                            55.700133
                        ],
                        [
                            37.514023,
                            55.701242
                        ],
                        [
                            37.517706,
                            55.703317
                        ],
                        [
                            37.513459,
                            55.706154
                        ],
                        [
                            37.506393,
                            55.71046
                        ]
                    ]
                ]
            },
            "properties": {
                "name": "Раменки"
            },
            "bbox": [
                37.477662,
                55.670594,
                37.517706,
                55.71046
            ]
        },
        {
            "type": "Feature",
            "geometry": {
                "type": "Polygon",
                "coordinates": [
                    [
                        [
                            37.596001,
                            55.666395
                        ],
                        [
                            37.59394,
                            55.665143
                        ],
                        [
                            37.59044,
                            55.66236
                        ],
                        [
                            37.588189,
                            55.660346
                        ],
                        [
                            37.58684,
                            55.659019
                        ],
                        [
                            37.586209,
                            55.658331
                        ],
                        [
                            37.584574,
                            55.656583
                        ],
                        [
                            37.582968,
                            55.654941
                        ],
                        [
                            37.58139,
                            55.653298
                        ],
                        [
                            37.580128,
                            55.651907
                        ],
                        [
                            37.579469,
                            55.650887
                        ],
                        [
                            37.578995,
                            55.649819
                        ],
                        [
                            37.578579,
                            55.649001
                        ],
                        [
                            37.578307,
                            55.648556
                        ],
                        [
                            37.577489,
                            55.647423
                        ],
                        [
                            37.576715,
                            55.646387
                        ],
                        [
                            37.579956,
                            55.645481
                        ],
                        [
                            37.583169,
                            55.644493
                        ],
                        [
                            37.585836,
                            55.643708
                        ],
                        [
                            37.587844,
                            55.643085
                        ],
                        [
                            37.589106,
                            55.64268
                        ],
                        [
                            37.590139,
                            55.642462
                        ],
                        [
                            37.591745,
                            55.642251
                        ],
                        [
                            37.596909,
                            55.64192
                        ],
                        [
                            37.605442,
                            55.641458
                        ],
                        [
                            37.612326,
                            55.641134
                        ],
                        [
                            37.616959,
                            55.640916
                        ],
                        [
                            37.619715,
                            55.640794
                        ],
                        [
                            37.619696,
                            55.641617
                        ],
                        [
                            37.619522,
                            55.643868
                        ],
                        [
                            37.619479,
                            55.646852
                        ],
                        [
                            37.619422,
                            55.650077
                        ],
                        [
                            37.619266,
                            55.653315
                        ],
                        [
                            37.619188,
                            55.657808
                        ],
                        [
                            37.619266,
                            55.659701
                        ],
                        [
                            37.619227,
                            55.661397
                        ],
                        [
                            37.619383,
                            55.662982
                        ],
                        [
                            37.615831,
                            55.663202
                        ],
                        [
                            37.611615,
                            55.663577
                        ],
                        [
                            37.608024,
                            55.663929
                        ],
                        [
                            37.603964,
                            55.664369
                        ],
                        [
                            37.600881,
                            55.664854
                        ],
                        [
                            37.598538,
                            55.66558
                        ],
                        [
                            37.596001,
                            55.666395
                        ]
                    ]
                ]
            },
            "properties": {
                "name": "М. Нахимовский проспект"
            },
            "bbox": [
                37.576715,
                55.640794,
                37.619715,
                55.666395
            ]
        },
        {
            "type": "Feature",
            "geometry": {
                "type": "Polygon",
                "coordinates": [
                    [
                        [
                            37.562551,
                            55.677797
                        ],
                        [
                            37.558103,
                            55.680272
                        ],
                        [
                            37.550855,
                            55.684739
                        ],
                        [
                            37.542133,
                            55.689967
                        ],
                        [
                            37.53645,
                            55.693424
                        ],
                        [
                            37.524327,
                            55.686699
                        ],
                        [
                            37.518076,
                            55.683205
                        ],
                        [
                            37.50972,
                            55.678485
                        ],
                        [
                            37.50336,
                            55.675037
                        ],
                        [
                            37.498603,
                            55.672293
                        ],
                        [
                            37.495396,
                            55.670577
                        ],
                        [
                            37.499609,
                            55.66909
                        ],
                        [
                            37.502789,
                            55.667756
                        ],
                        [
                            37.505507,
                            55.666085
                        ],
                        [
                            37.512927,
                            55.665855
                        ],
                        [
                            37.509104,
                            55.66335
                        ],
                        [
                            37.510532,
                            55.662147
                        ],
                        [
                            37.512196,
                            55.660913
                        ],
                        [
                            37.514673,
                            55.659526
                        ],
                        [
                            37.51724,
                            55.658598
                        ],
                        [
                            37.521146,
                            55.657802
                        ],
                        [
                            37.529969,
                            55.656966
                        ],
                        [
                            37.532971,
                            55.656639
                        ],
                        [
                            37.537726,
                            55.656078
                        ],
                        [
                            37.53891,
                            55.65579
                        ],
                        [
                            37.542841,
                            55.659458
                        ],
                        [
                            37.548359,
                            55.664473
                        ],
                        [
                            37.552197,
                            55.668051
                        ],
                        [
                            37.557065,
                            55.672654
                        ],
                        [
                            37.560339,
                            55.675621
                        ],
                        [
                            37.562551,
                            55.677797
                        ]
                    ]
                ]
            },
            "properties": {
                "name": "Ломоносовский"
            },
            "bbox": [
                37.495396,
                55.65579,
                37.562551,
                55.693424
            ]
        },
        {
            "type": "Feature",
            "geometry": {
                "type": "Polygon",
                "coordinates": [
                    [
                        [
                            37.58153,
                            55.708357
                        ],
                        [
                            37.562906,
                            55.706232
                        ],
                        [
                            37.563534,
                            55.704062
                        ],
                        [
                            37.558033,
                            55.700785
                        ],
                        [
                            37.552218,
                            55.699944
                        ],
                        [
                            37.538784,
                            55.692297
                        ],
                        [
                            37.54027,
                            55.691289
                        ],
                        [
                            37.544958,
                            55.688553
                        ],
                        [
                            37.550913,
                            55.685102
                        ],
                        [
                            37.554399,
                            55.682854
                        ],
                        [
                            37.55615,
                            55.682149
                        ],
                        [
                            37.563156,
                            55.678133
                        ],
                        [
                            37.569461,
                            55.6758
                        ],
                        [
                            37.573164,
                            55.674493
                        ],
                        [
                            37.5808,
                            55.671845
                        ],
                        [
                            37.582434,
                            55.671516
                        ],
                        [
                            37.588079,
                            55.669516
                        ],
                        [
                            37.595097,
                            55.66694
                        ],
                        [
                            37.598324,
                            55.665788
                        ],
                        [
                            37.600838,
                            55.668874
                        ],
                        [
                            37.603774,
                            55.671816
                        ],
                        [
                            37.606268,
                            55.673164
                        ],
                        [
                            37.614032,
                            55.679227
                        ],
                        [
                            37.615853,
                            55.681261
                        ],
                        [
                            37.615956,
                            55.684108
                        ],
                        [
                            37.615578,
                            55.684593
                        ],
                        [
                            37.611868,
                            55.684089
                        ],
                        [
                            37.608501,
                            55.683837
                        ],
                        [
                            37.605822,
                            55.684089
                        ],
                        [
                            37.599947,
                            55.684128
                        ],
                        [
                            37.603108,
                            55.687478
                        ],
                        [
                            37.598504,
                            55.690344
                        ],
                        [
                            37.600565,
                            55.691293
                        ],
                        [
                            37.598229,
                            55.693094
                        ],
                        [
                            37.594175,
                            55.694294
                        ],
                        [
                            37.590715,
                            55.692378
                        ],
                        [
                            37.586045,
                            55.694571
                        ],
                        [
                            37.581497,
                            55.695419
                        ],
                        [
                            37.577347,
                            55.695867
                        ],
                        [
                            37.579855,
                            55.703652
                        ],
                        [
                            37.58153,
                            55.708357
                        ]
                    ]
                ]
            },
            "properties": {
                "name": "Академический"
            },
            "bbox": [
                37.538784,
                55.665788,
                37.615956,
                55.708357
            ]
        },
        {
            "type": "Feature",
            "geometry": {
                "type": "Polygon",
                "coordinates": [
                    [
                        [
                            37.659807,
                            55.614954
                        ],
                        [
                            37.653068,
                            55.612308
                        ],
                        [
                            37.649623,
                            55.609007
                        ],
                        [
                            37.64862,
                            55.606988
                        ],
                        [
                            37.648707,
                            55.604573
                        ],
                        [
                            37.649579,
                            55.602356
                        ],
                        [
                            37.6497,
                            55.601936
                        ],
                        [
                            37.641564,
                            55.601765
                        ],
                        [
                            37.637142,
                            55.602842
                        ],
                        [
                            37.636035,
                            55.595399
                        ],
                        [
                            37.635038,
                            55.589514
                        ],
                        [
                            37.635111,
                            55.588125
                        ],
                        [
                            37.638315,
                            55.581036
                        ],
                        [
                            37.641473,
                            55.574558
                        ],
                        [
                            37.64445,
                            55.573334
                        ],
                        [
                            37.664358,
                            55.572133
                        ],
                        [
                            37.671129,
                            55.572133
                        ],
                        [
                            37.677305,
                            55.572806
                        ],
                        [
                            37.681807,
                            55.573953
                        ],
                        [
                            37.688716,
                            55.576323
                        ],
                        [
                            37.696565,
                            55.579277
                        ],
                        [
                            37.702637,
                            55.581512
                        ],
                        [
                            37.712679,
                            55.585452
                        ],
                        [
                            37.711968,
                            55.586248
                        ],
                        [
                            37.697602,
                            55.586884
                        ],
                        [
                            37.686679,
                            55.587021
                        ],
                        [
                            37.676723,
                            55.587322
                        ],
                        [
                            37.674644,
                            55.589616
                        ],
                        [
                            37.67305,
                            55.59262
                        ],
                        [
                            37.6716,
                            55.598246
                        ],
                        [
                            37.670488,
                            55.602806
                        ],
                        [
                            37.680879,
                            55.606355
                        ],
                        [
                            37.677689,
                            55.610095
                        ],
                        [
                            37.673823,
                            55.612688
                        ],
                        [
                            37.667926,
                            55.613726
                        ],
                        [
                            37.662417,
                            55.612361
                        ],
                        [
                            37.659807,
                            55.614954
                        ]
                    ]
                ]
            },
            "properties": {
                "name": "Бирюлево"
            },
            "bbox": [
                37.635038,
                55.572133,
                37.712679,
                55.614954
            ]
        },
        {
            "type": "Feature",
            "geometry": {
                "type": "Polygon",
                "coordinates": [
                    [
                        [
                            37.741312,
                            55.656078
                        ],
                        [
                            37.735803,
                            55.653956
                        ],
                        [
                            37.731907,
                            55.652478
                        ],
                        [
                            37.729691,
                            55.651833
                        ],
                        [
                            37.724518,
                            55.651758
                        ],
                        [
                            37.72116,
                            55.653046
                        ],
                        [
                            37.716189,
                            55.65532
                        ],
                        [
                            37.714443,
                            55.656116
                        ],
                        [
                            37.712965,
                            55.656078
                        ],
                        [
                            37.709472,
                            55.652061
                        ],
                        [
                            37.708128,
                            55.65009
                        ],
                        [
                            37.70618,
                            55.650507
                        ],
                        [
                            37.698993,
                            55.643343
                        ],
                        [
                            37.704367,
                            55.642395
                        ],
                        [
                            37.706583,
                            55.643873
                        ],
                        [
                            37.709337,
                            55.642888
                        ],
                        [
                            37.713704,
                            55.642281
                        ],
                        [
                            37.718943,
                            55.642623
                        ],
                        [
                            37.724384,
                            55.643039
                        ],
                        [
                            37.7309,
                            55.643305
                        ],
                        [
                            37.737617,
                            55.643039
                        ],
                        [
                            37.741177,
                            55.642888
                        ],
                        [
                            37.745745,
                            55.643494
                        ],
                        [
                            37.741312,
                            55.656078
                        ]
                    ]
                ]
            },
            "properties": {
                "name": "Марьино Западное"
            },
            "bbox": [
                37.698993,
                55.642281,
                37.745745,
                55.656116
            ]
        },
        {
            "type": "Feature",
            "geometry": {
                "type": "Polygon",
                "coordinates": [
                    [
                        [
                            37.665145,
                            55.68546
                        ],
                        [
                            37.664632,
                            55.68159
                        ],
                        [
                            37.66476,
                            55.679854
                        ],
                        [
                            37.663669,
                            55.675803
                        ],
                        [
                            37.662643,
                            55.670775
                        ],
                        [
                            37.684068,
                            55.67215
                        ],
                        [
                            37.694332,
                            55.674284
                        ],
                        [
                            37.702735,
                            55.676961
                        ],
                        [
                            37.708829,
                            55.680614
                        ],
                        [
                            37.710497,
                            55.683688
                        ],
                        [
                            37.709791,
                            55.686111
                        ],
                        [
                            37.704274,
                            55.689546
                        ],
                        [
                            37.696962,
                            55.691209
                        ],
                        [
                            37.689906,
                            55.691209
                        ],
                        [
                            37.681566,
                            55.689076
                        ],
                        [
                            37.672073,
                            55.686472
                        ],
                        [
                            37.668865,
                            55.685894
                        ],
                        [
                            37.665145,
                            55.68546
                        ]
                    ]
                ]
            },
            "properties": {
                "name": "Нагатинский Затон"
            },
            "bbox": [
                37.662643,
                55.670775,
                37.710497,
                55.691209
            ]
        },
        {
            "type": "Feature",
            "geometry": {
                "type": "Polygon",
                "coordinates": [
                    [
                        [
                            37.66484,
                            55.685373
                        ],
                        [
                            37.65944,
                            55.685052
                        ],
                        [
                            37.652284,
                            55.684465
                        ],
                        [
                            37.63925,
                            55.683396
                        ],
                        [
                            37.633326,
                            55.684037
                        ],
                        [
                            37.629866,
                            55.685827
                        ],
                        [
                            37.628349,
                            55.688713
                        ],
                        [
                            37.627307,
                            55.691518
                        ],
                        [
                            37.621809,
                            55.690716
                        ],
                        [
                            37.623136,
                            55.684385
                        ],
                        [
                            37.625221,
                            55.678078
                        ],
                        [
                            37.627117,
                            55.67244
                        ],
                        [
                            37.624842,
                            55.669099
                        ],
                        [
                            37.619866,
                            55.663111
                        ],
                        [
                            37.624463,
                            55.663084
                        ],
                        [
                            37.628018,
                            55.663084
                        ],
                        [
                            37.63143,
                            55.663378
                        ],
                        [
                            37.638302,
                            55.664234
                        ],
                        [
                            37.65034,
                            55.666158
                        ],
                        [
                            37.660281,
                            55.667697
                        ],
                        [
                            37.661563,
                            55.669265
                        ],
                        [
                            37.661777,
                            55.670872
                        ],
                        [
                            37.663202,
                            55.677179
                        ],
                        [
                            37.663629,
                            55.679188
                        ],
                        [
                            37.66427,
                            55.681277
                        ],
                        [
                            37.66484,
                            55.685373
                        ]
                    ]
                ]
            },
            "properties": {
                "name": "Нагатино-Садовники"
            },
            "bbox": [
                37.619866,
                55.663084,
                37.66484,
                55.691518
            ]
        },
        {
            "type": "Feature",
            "geometry": {
                "type": "Polygon",
                "coordinates": [
                    [
                        [
                            37.63158,
                            55.663194
                        ],
                        [
                            37.623868,
                            55.662814
                        ],
                        [
                            37.622521,
                            55.652551
                        ],
                        [
                            37.624318,
                            55.643087
                        ],
                        [
                            37.624991,
                            55.640637
                        ],
                        [
                            37.631505,
                            55.640383
                        ],
                        [
                            37.639217,
                            55.639411
                        ],
                        [
                            37.647527,
                            55.638524
                        ],
                        [
                            37.646479,
                            55.631847
                        ],
                        [
                            37.645206,
                            55.626479
                        ],
                        [
                            37.643709,
                            55.620687
                        ],
                        [
                            37.642511,
                            55.614599
                        ],
                        [
                            37.643859,
                            55.612019
                        ],
                        [
                            37.655838,
                            55.614387
                        ],
                        [
                            37.663549,
                            55.616417
                        ],
                        [
                            37.670812,
                            55.619546
                        ],
                        [
                            37.676652,
                            55.624196
                        ],
                        [
                            37.682641,
                            55.628972
                        ],
                        [
                            37.684887,
                            55.631339
                        ],
                        [
                            37.686085,
                            55.634425
                        ],
                        [
                            37.687133,
                            55.638397
                        ],
                        [
                            37.687732,
                            55.639707
                        ],
                        [
                            37.675229,
                            55.644386
                        ],
                        [
                            37.656961,
                            55.651653
                        ],
                        [
                            37.645655,
                            55.656384
                        ],
                        [
                            37.636746,
                            55.660776
                        ],
                        [
                            37.63158,
                            55.663194
                        ]
                    ]
                ]
            },
            "properties": {
                "name": "Царицыно"
            },
            "bbox": [
                37.622521,
                55.612019,
                37.687732,
                55.663194
            ]
        },
        {
            "type": "Feature",
            "geometry": {
                "type": "Polygon",
                "coordinates": [
                    [
                        [
                            37.749247,
                            55.802026
                        ],
                        [
                            37.749019,
                            55.799555
                        ],
                        [
                            37.747085,
                            55.794758
                        ],
                        [
                            37.745611,
                            55.790219
                        ],
                        [
                            37.745611,
                            55.787268
                        ],
                        [
                            37.757967,
                            55.787818
                        ],
                        [
                            37.764914,
                            55.785575
                        ],
                        [
                            37.768461,
                            55.786904
                        ],
                        [
                            37.82492,
                            55.788566
                        ],
                        [
                            37.824181,
                            55.79754
                        ],
                        [
                            37.835266,
                            55.800282
                        ],
                        [
                            37.839257,
                            55.804767
                        ],
                        [
                            37.838813,
                            55.81382
                        ],
                        [
                            37.828615,
                            55.812824
                        ],
                        [
                            37.81147,
                            55.810581
                        ],
                        [
                            37.781763,
                            55.809751
                        ],
                        [
                            37.777624,
                            55.809253
                        ],
                        [
                            37.749247,
                            55.802026
                        ]
                    ]
                ]
            },
            "properties": {
                "name": "Измайлово"
            },
            "bbox": [
                37.745611,
                55.785575,
                37.839257,
                55.81382
            ]
        },
        {
            "type": "Feature",
            "geometry": {
                "type": "Polygon",
                "coordinates": [
                    [
                        [
                            37.838536,
                            55.813996
                        ],
                        [
                            37.838376,
                            55.815882
                        ],
                        [
                            37.837879,
                            55.818779
                        ],
                        [
                            37.83694,
                            55.82148
                        ],
                        [
                            37.835498,
                            55.823866
                        ],
                        [
                            37.832461,
                            55.826996
                        ],
                        [
                            37.826468,
                            55.830617
                        ],
                        [
                            37.82002,
                            55.831367
                        ],
                        [
                            37.817409,
                            55.830769
                        ],
                        [
                            37.81323,
                            55.830424
                        ],
                        [
                            37.808033,
                            55.830039
                        ],
                        [
                            37.803333,
                            55.827941
                        ],
                        [
                            37.800861,
                            55.825288
                        ],
                        [
                            37.800335,
                            55.823241
                        ],
                        [
                            37.794122,
                            55.823713
                        ],
                        [
                            37.785221,
                            55.822958
                        ],
                        [
                            37.785272,
                            55.820147
                        ],
                        [
                            37.769587,
                            55.816949
                        ],
                        [
                            37.760636,
                            55.813156
                        ],
                        [
                            37.758503,
                            55.812174
                        ],
                        [
                            37.751393,
                            55.809758
                        ],
                        [
                            37.748058,
                            55.809268
                        ],
                        [
                            37.748928,
                            55.803812
                        ],
                        [
                            37.749265,
                            55.802096
                        ],
                        [
                            37.752708,
                            55.802966
                        ],
                        [
                            37.757993,
                            55.804296
                        ],
                        [
                            37.7639,
                            55.805814
                        ],
                        [
                            37.772604,
                            55.808071
                        ],
                        [
                            37.777342,
                            55.809304
                        ],
                        [
                            37.780609,
                            55.809809
                        ],
                        [
                            37.783378,
                            55.809879
                        ],
                        [
                            37.78859,
                            55.810019
                        ],
                        [
                            37.793999,
                            55.810262
                        ],
                        [
                            37.804497,
                            55.81056
                        ],
                        [
                            37.81192,
                            55.810897
                        ],
                        [
                            37.819979,
                            55.81197
                        ],
                        [
                            37.829028,
                            55.813142
                        ],
                        [
                            37.838536,
                            55.813996
                        ]
                    ]
                ]
            },
            "properties": {
                "name": "Гольяново"
            },
            "bbox": [
                37.748058,
                55.802096,
                37.838536,
                55.831367
            ]
        },
        {
            "type": "Feature",
            "geometry": {
                "type": "Polygon",
                "coordinates": [
                    [
                        [
                            37.511081,
                            55.806134
                        ],
                        [
                            37.518491,
                            55.804239
                        ],
                        [
                            37.524944,
                            55.802601
                        ],
                        [
                            37.531587,
                            55.800879
                        ],
                        [
                            37.539507,
                            55.797462
                        ],
                        [
                            37.547029,
                            55.793937
                        ],
                        [
                            37.550516,
                            55.796416
                        ],
                        [
                            37.553427,
                            55.797791
                        ],
                        [
                            37.558424,
                            55.79627
                        ],
                        [
                            37.559268,
                            55.795284
                        ],
                        [
                            37.559019,
                            55.794216
                        ],
                        [
                            37.563076,
                            55.792421
                        ],
                        [
                            37.568712,
                            55.791073
                        ],
                        [
                            37.573731,
                            55.79175
                        ],
                        [
                            37.584434,
                            55.792314
                        ],
                        [
                            37.584158,
                            55.796516
                        ],
                        [
                            37.583606,
                            55.800494
                        ],
                        [
                            37.582305,
                            55.805382
                        ],
                        [
                            37.580558,
                            55.808265
                        ],
                        [
                            37.570925,
                            55.806708
                        ],
                        [
                            37.563204,
                            55.805497
                        ],
                        [
                            37.557462,
                            55.804872
                        ],
                        [
                            37.553652,
                            55.805401
                        ],
                        [
                            37.551256,
                            55.80614
                        ],
                        [
                            37.547717,
                            55.808072
                        ],
                        [
                            37.543571,
                            55.810322
                        ],
                        [
                            37.540969,
                            55.811432
                        ],
                        [
                            37.536959,
                            55.812082
                        ],
                        [
                            37.534552,
                            55.811955
                        ],
                        [
                            37.527471,
                            55.8126
                        ],
                        [
                            37.523687,
                            55.812938
                        ],
                        [
                            37.517789,
                            55.813217
                        ],
                        [
                            37.514385,
                            55.809523
                        ],
                        [
                            37.511081,
                            55.806134
                        ]
                    ]
                ]
            },
            "properties": {
                "name": "Аэропорт"
            },
            "bbox": [
                37.511081,
                55.791073,
                37.584434,
                55.813217
            ]
        },
        {
            "type": "Feature",
            "geometry": {
                "type": "Polygon",
                "coordinates": [
                    [
                        [
                            37.489197,
                            55.859087
                        ],
                        [
                            37.492244,
                            55.856292
                        ],
                        [
                            37.496799,
                            55.852502
                        ],
                        [
                            37.492201,
                            55.850867
                        ],
                        [
                            37.488197,
                            55.850425
                        ],
                        [
                            37.483335,
                            55.850294
                        ],
                        [
                            37.478784,
                            55.850503
                        ],
                        [
                            37.474325,
                            55.849836
                        ],
                        [
                            37.475036,
                            55.848536
                        ],
                        [
                            37.469047,
                            55.847309
                        ],
                        [
                            37.46748,
                            55.84816
                        ],
                        [
                            37.470716,
                            55.844254
                        ],
                        [
                            37.474568,
                            55.840166
                        ],
                        [
                            37.477033,
                            55.836051
                        ],
                        [
                            37.480917,
                            55.82989
                        ],
                        [
                            37.487349,
                            55.826583
                        ],
                        [
                            37.493476,
                            55.82463
                        ],
                        [
                            37.499795,
                            55.827651
                        ],
                        [
                            37.508699,
                            55.83192
                        ],
                        [
                            37.514513,
                            55.835855
                        ],
                        [
                            37.51986,
                            55.839662
                        ],
                        [
                            37.523911,
                            55.841539
                        ],
                        [
                            37.523732,
                            55.845112
                        ],
                        [
                            37.521641,
                            55.845137
                        ],
                        [
                            37.520974,
                            55.848839
                        ],
                        [
                            37.523826,
                            55.849429
                        ],
                        [
                            37.523239,
                            55.853066
                        ],
                        [
                            37.518725,
                            55.852615
                        ],
                        [
                            37.517656,
                            55.853291
                        ],
                        [
                            37.51368,
                            55.856068
                        ],
                        [
                            37.518684,
                            55.859743
                        ],
                        [
                            37.521153,
                            55.858712
                        ],
                        [
                            37.522421,
                            55.858876
                        ],
                        [
                            37.523449,
                            55.858634
                        ],
                        [
                            37.525676,
                            55.859996
                        ],
                        [
                            37.526185,
                            55.860828
                        ],
                        [
                            37.524183,
                            55.861746
                        ],
                        [
                            37.521888,
                            55.86296
                        ],
                        [
                            37.518214,
                            55.864558
                        ],
                        [
                            37.513279,
                            55.866536
                        ],
                        [
                            37.510713,
                            55.864753
                        ],
                        [
                            37.508639,
                            55.863706
                        ],
                        [
                            37.504372,
                            55.861937
                        ],
                        [
                            37.50098,
                            55.86102
                        ],
                        [
                            37.496021,
                            55.860254
                        ],
                        [
                            37.492486,
                            55.859691
                        ],
                        [
                            37.489197,
                            55.859087
                        ]
                    ]
                ]
            },
            "properties": {
                "name": "Головинский"
            },
            "bbox": [
                37.46748,
                55.82463,
                37.526185,
                55.866536
            ]
        },
        {
            "type": "Feature",
            "geometry": {
                "type": "Polygon",
                "coordinates": [
                    [
                        [
                            37.720694,
                            55.779619
                        ],
                        [
                            37.72068,
                            55.778426
                        ],
                        [
                            37.72246,
                            55.776329
                        ],
                        [
                            37.729661,
                            55.768241
                        ],
                        [
                            37.723242,
                            55.766342
                        ],
                        [
                            37.727317,
                            55.761475
                        ],
                        [
                            37.733244,
                            55.754797
                        ],
                        [
                            37.746205,
                            55.757536
                        ],
                        [
                            37.74596,
                            55.762272
                        ],
                        [
                            37.745857,
                            55.766771
                        ],
                        [
                            37.744479,
                            55.772809
                        ],
                        [
                            37.743232,
                            55.781486
                        ],
                        [
                            37.734727,
                            55.779782
                        ],
                        [
                            37.728269,
                            55.778714
                        ],
                        [
                            37.720694,
                            55.779619
                        ]
                    ]
                ]
            },
            "properties": {
                "name": "Соколиная гора"
            },
            "bbox": [
                37.72068,
                55.754797,
                37.746205,
                55.781486
            ]
        },
        {
            "type": "Feature",
            "geometry": {
                "type": "Polygon",
                "coordinates": [
                    [
                        [
                            37.575739,
                            55.745372
                        ],
                        [
                            37.573123,
                            55.742106
                        ],
                        [
                            37.569155,
                            55.737552
                        ],
                        [
                            37.565122,
                            55.734809
                        ],
                        [
                            37.559637,
                            55.732202
                        ],
                        [
                            37.556475,
                            55.730208
                        ],
                        [
                            37.559003,
                            55.728248
                        ],
                        [
                            37.560635,
                            55.727321
                        ],
                        [
                            37.558687,
                            55.726176
                        ],
                        [
                            37.55673,
                            55.724538
                        ],
                        [
                            37.5555,
                            55.722796
                        ],
                        [
                            37.557917,
                            55.72205
                        ],
                        [
                            37.565131,
                            55.719993
                        ],
                        [
                            37.571968,
                            55.71778
                        ],
                        [
                            37.577298,
                            55.715326
                        ],
                        [
                            37.581744,
                            55.718048
                        ],
                        [
                            37.585297,
                            55.720968
                        ],
                        [
                            37.587642,
                            55.723303
                        ],
                        [
                            37.590968,
                            55.726363
                        ],
                        [
                            37.592888,
                            55.729063
                        ],
                        [
                            37.595498,
                            55.732507
                        ],
                        [
                            37.597204,
                            55.734342
                        ],
                        [
                            37.593985,
                            55.735557
                        ],
                        [
                            37.588832,
                            55.73739
                        ],
                        [
                            37.586012,
                            55.738702
                        ],
                        [
                            37.58298,
                            55.745333
                        ],
                        [
                            37.580123,
                            55.745871
                        ],
                        [
                            37.575739,
                            55.745372
                        ]
                    ]
                ]
            },
            "properties": {
                "name": "Хамовники"
            },
            "bbox": [
                37.5555,
                55.715326,
                37.597204,
                55.745871
            ]
        },
        {
            "type": "Feature",
            "geometry": {
                "type": "Polygon",
                "coordinates": [
                    [
                        [
                            37.500385,
                            55.720808
                        ],
                        [
                            37.497735,
                            55.720244
                        ],
                        [
                            37.495985,
                            55.719556
                        ],
                        [
                            37.495104,
                            55.717632
                        ],
                        [
                            37.495123,
                            55.715076
                        ],
                        [
                            37.494556,
                            55.713072
                        ],
                        [
                            37.497091,
                            55.710799
                        ],
                        [
                            37.498881,
                            55.710626
                        ],
                        [
                            37.499942,
                            55.71116
                        ],
                        [
                            37.504717,
                            55.713061
                        ],
                        [
                            37.506612,
                            55.710616
                        ],
                        [
                            37.509442,
                            55.70885
                        ],
                        [
                            37.513927,
                            55.706271
                        ],
                        [
                            37.516154,
                            55.707378
                        ],
                        [
                            37.524468,
                            55.710816
                        ],
                        [
                            37.530458,
                            55.713304
                        ],
                        [
                            37.536139,
                            55.715586
                        ],
                        [
                            37.535803,
                            55.717008
                        ],
                        [
                            37.535276,
                            55.720127
                        ],
                        [
                            37.539207,
                            55.720307
                        ],
                        [
                            37.539196,
                            55.721764
                        ],
                        [
                            37.540633,
                            55.726145
                        ],
                        [
                            37.537793,
                            55.727417
                        ],
                        [
                            37.536439,
                            55.728998
                        ],
                        [
                            37.529186,
                            55.728873
                        ],
                        [
                            37.526938,
                            55.730316
                        ],
                        [
                            37.521354,
                            55.729188
                        ],
                        [
                            37.518654,
                            55.727924
                        ],
                        [
                            37.521413,
                            55.727094
                        ],
                        [
                            37.523645,
                            55.724154
                        ],
                        [
                            37.519717,
                            55.722345
                        ],
                        [
                            37.519652,
                            55.721203
                        ],
                        [
                            37.517915,
                            55.721834
                        ],
                        [
                            37.516439,
                            55.72358
                        ],
                        [
                            37.512681,
                            55.723823
                        ],
                        [
                            37.506797,
                            55.721691
                        ],
                        [
                            37.510607,
                            55.719414
                        ],
                        [
                            37.507901,
                            55.718215
                        ],
                        [
                            37.506318,
                            55.71748
                        ],
                        [
                            37.504446,
                            55.71804
                        ],
                        [
                            37.500385,
                            55.720808
                        ]
                    ]
                ]
            },
            "properties": {
                "name": "Мосфильм"
            },
            "bbox": [
                37.494556,
                55.706271,
                37.540633,
                55.730316
            ]
        },
        {
            "type": "Feature",
            "geometry": {
                "type": "Polygon",
                "coordinates": [
                    [
                        [
                            37.554141,
                            55.84797
                        ],
                        [
                            37.552462,
                            55.847297
                        ],
                        [
                            37.54997,
                            55.846383
                        ],
                        [
                            37.542062,
                            55.844676
                        ],
                        [
                            37.529688,
                            55.842151
                        ],
                        [
                            37.523221,
                            55.840755
                        ],
                        [
                            37.520315,
                            55.839282
                        ],
                        [
                            37.51606,
                            55.836254
                        ],
                        [
                            37.511379,
                            55.833019
                        ],
                        [
                            37.509054,
                            55.831196
                        ],
                        [
                            37.500489,
                            55.827266
                        ],
                        [
                            37.49324,
                            55.824144
                        ],
                        [
                            37.489351,
                            55.821813
                        ],
                        [
                            37.487751,
                            55.819625
                        ],
                        [
                            37.487018,
                            55.817638
                        ],
                        [
                            37.487008,
                            55.81546
                        ],
                        [
                            37.49263,
                            55.815453
                        ],
                        [
                            37.503302,
                            55.815041
                        ],
                        [
                            37.507902,
                            55.815459
                        ],
                        [
                            37.513805,
                            55.815678
                        ],
                        [
                            37.521608,
                            55.815944
                        ],
                        [
                            37.532189,
                            55.816286
                        ],
                        [
                            37.533196,
                            55.817406
                        ],
                        [
                            37.532744,
                            55.819275
                        ],
                        [
                            37.531759,
                            55.821751
                        ],
                        [
                            37.530582,
                            55.825424
                        ],
                        [
                            37.529617,
                            55.825629
                        ],
                        [
                            37.530743,
                            55.82996
                        ],
                        [
                            37.533777,
                            55.833857
                        ],
                        [
                            37.538779,
                            55.836381
                        ],
                        [
                            37.548668,
                            55.840174
                        ],
                        [
                            37.559769,
                            55.844337
                        ],
                        [
                            37.554141,
                            55.84797
                        ]
                    ]
                ]
            },
            "properties": {
                "name": "Коптево"
            },
            "bbox": [
                37.487008,
                55.815041,
                37.559769,
                55.84797
            ]
        },
        {
            "type": "Feature",
            "geometry": {
                "type": "Polygon",
                "coordinates": [
                    [
                        [
                            37.569748,
                            55.552886
                        ],
                        [
                            37.567354,
                            55.551524
                        ],
                        [
                            37.56679,
                            55.550214
                        ],
                        [
                            37.558749,
                            55.55329
                        ],
                        [
                            37.560715,
                            55.557828
                        ],
                        [
                            37.559488,
                            55.559207
                        ],
                        [
                            37.557765,
                            55.558232
                        ],
                        [
                            37.556145,
                            55.558095
                        ],
                        [
                            37.55573,
                            55.558978
                        ],
                        [
                            37.554623,
                            55.559244
                        ],
                        [
                            37.551837,
                            55.553304
                        ],
                        [
                            37.549943,
                            55.552011
                        ],
                        [
                            37.546291,
                            55.550713
                        ],
                        [
                            37.543192,
                            55.550455
                        ],
                        [
                            37.537593,
                            55.551829
                        ],
                        [
                            37.53301,
                            55.551526
                        ],
                        [
                            37.528455,
                            55.55002
                        ],
                        [
                            37.524419,
                            55.548775
                        ],
                        [
                            37.518517,
                            55.547818
                        ],
                        [
                            37.512935,
                            55.545862
                        ],
                        [
                            37.509371,
                            55.543658
                        ],
                        [
                            37.506803,
                            55.542541
                        ],
                        [
                            37.501134,
                            55.541196
                        ],
                        [
                            37.499346,
                            55.54085
                        ],
                        [
                            37.499299,
                            55.53117
                        ],
                        [
                            37.507374,
                            55.529108
                        ],
                        [
                            37.506848,
                            55.522373
                        ],
                        [
                            37.515107,
                            55.52258
                        ],
                        [
                            37.515452,
                            55.52428
                        ],
                        [
                            37.518835,
                            55.528377
                        ],
                        [
                            37.520813,
                            55.529158
                        ],
                        [
                            37.533304,
                            55.532263
                        ],
                        [
                            37.539526,
                            55.535592
                        ],
                        [
                            37.543049,
                            55.537715
                        ],
                        [
                            37.545286,
                            55.542207
                        ],
                        [
                            37.548432,
                            55.543321
                        ],
                        [
                            37.560725,
                            55.539953
                        ],
                        [
                            37.56292,
                            55.539244
                        ],
                        [
                            37.56526,
                            55.541939
                        ],
                        [
                            37.569151,
                            55.544948
                        ],
                        [
                            37.571392,
                            55.548458
                        ],
                        [
                            37.572512,
                            55.549908
                        ],
                        [
                            37.572611,
                            55.551139
                        ],
                        [
                            37.571513,
                            55.552278
                        ],
                        [
                            37.569748,
                            55.552886
                        ]
                    ]
                ]
            },
            "properties": {
                "name": "Южное Бутово"
            },
            "bbox": [
                37.499299,
                55.522373,
                37.572611,
                55.559244
            ]
        },
        {
            "type": "Feature",
            "properties": {
                "name": "Бутырский"
            },
            "geometry": {
                "type": "Polygon",
                "coordinates": [
                    [
                        [
                            37.556938,
                            55.806454
                        ],
                        [
                            37.561665,
                            55.806551
                        ],
                        [
                            37.577978,
                            55.80924
                        ],
                        [
                            37.582647,
                            55.811928
                        ],
                        [
                            37.601235,
                            55.813891
                        ],
                        [
                            37.605726,
                            55.815363
                        ],
                        [
                            37.577532,
                            55.832673
                        ],
                        [
                            37.574413,
                            55.831832
                        ],
                        [
                            37.572167,
                            55.826156
                        ],
                        [
                            37.55832,
                            55.823213
                        ],
                        [
                            37.562561,
                            55.817676
                        ],
                        [
                            37.554951,
                            55.816555
                        ],
                        [
                            37.556698,
                            55.81333
                        ],
                        [
                            37.553205,
                            55.812629
                        ],
                        [
                            37.556938,
                            55.806454
                        ]
                    ]
                ]
            },
            "bbox": [
                37.553205,
                55.806454,
                37.605726,
                55.832673
            ]
        },
        {
            "type": "Feature",
            "properties": {
                "name": "Можайский"
            },
            "geometry": {
                "type": "Polygon",
                "coordinates": [
                    [
                        [
                            37.386034,
                            55.719393
                        ],
                        [
                            37.386034,
                            55.719059
                        ],
                        [
                            37.391129,
                            55.710544
                        ],
                        [
                            37.40081,
                            55.703319
                        ],
                        [
                            37.40582,
                            55.70973
                        ],
                        [
                            37.409556,
                            55.710017
                        ],
                        [
                            37.409302,
                            55.712362
                        ],
                        [
                            37.412104,
                            55.712744
                        ],
                        [
                            37.417963,
                            55.715758
                        ],
                        [
                            37.421106,
                            55.712457
                        ],
                        [
                            37.422804,
                            55.712601
                        ],
                        [
                            37.427305,
                            55.714084
                        ],
                        [
                            37.43741,
                            55.711883
                        ],
                        [
                            37.43758,
                            55.714754
                        ],
                        [
                            37.448959,
                            55.716571
                        ],
                        [
                            37.44845,
                            55.719154
                        ],
                        [
                            37.445308,
                            55.718341
                        ],
                        [
                            37.444289,
                            55.722502
                        ],
                        [
                            37.447855,
                            55.723794
                        ],
                        [
                            37.447006,
                            55.726328
                        ],
                        [
                            37.423653,
                            55.72628
                        ],
                        [
                            37.403357,
                            55.72518
                        ],
                        [
                            37.386034,
                            55.719393
                        ]
                    ]
                ]
            },
            "bbox": [
                37.386034,
                55.703319,
                37.448959,
                55.726328
            ]
        },
        {
            "type": "Feature",
            "properties": {
                "name": "Шелепиха"
            },
            "geometry": {
                "type": "Polygon",
                "coordinates": [
                    [
                        [
                            37.451747,
                            55.778451
                        ],
                        [
                            37.457764,
                            55.776007
                        ],
                        [
                            37.468348,
                            55.768894
                        ],
                        [
                            37.485507,
                            55.769772
                        ],
                        [
                            37.495822,
                            55.767313
                        ],
                        [
                            37.512955,
                            55.760624
                        ],
                        [
                            37.518724,
                            55.754722
                        ],
                        [
                            37.525651,
                            55.756386
                        ],
                        [
                            37.514636,
                            55.768622
                        ],
                        [
                            37.451747,
                            55.778451
                        ]
                    ]
                ]
            },
            "bbox": [
                37.451747,
                55.754722,
                37.525651,
                55.778451
            ]
        }
    ]
}